playerId,name,status,direction,y_plays,y_up,age,origin_median,n_matches_loaded,mean_GK_PREVENTED_GOALS_TOTAL_POSTSHOT_XG,mean_GK_PREVENTED_GOALS_POST_SHOT_XG_BY_ACTION_LONG_RANGE_SHOT_RATIO,mean_GK_PREVENTED_GOALS_POST_SHOT_XG_BY_ACTION_MID_RANGE_SHOT_RATIO,mean_GK_PREVENTED_GOALS_POST_SHOT_XG_BY_ACTION_CLOSE_RANGE_SHOT_RATIO,mean_GK_PREVENTED_GOALS_POST_SHOT_XG_BY_ACTION1V1_AGAINST_GK_SHOT_RATIO,mean_GK_PREVENTED_GOALS_POST_SHOT_XG_BY_ACTION_HEADER_SHOT_RATIO,mean_GK_DEFENSIVE_TOUCHES_OUTSIDE_OWN_BOX,mean_GK_CAUGHT_AND_PUNCHED_HIGH_BALLS_PERCENT,mean_GK_SUCCESSFUL_LAUNCHES_PERCENT,mean_GOAL_KICK_SCORE,mean_LOW_PASS_SCORE,mean_DIAGONAL_PASS_SCORE,mean_RATIO_PASSING_ACCURACY,mean_PASS_COMPLETION_OVER_EXPECTED,mean_IMPECT_SCORE_PACKING,mean_DEFENSIVE_IMPECT_SCORE_PACKING,mean_TOTAL_TOUCHES
131958,Michael White,STAYED,STAYED,1,1,36.16631479650726,0.6276209903195109,96,-0.09168852430685065,0.006164315206126161,-0.024138533097307943,0.08205519812137801,-0.2719512155820826,0.28717287014185827,0.8455731607496525,0.05779586413222609,0.5802843806242668,0.1313589060560269,0.14547536974788278,0.08454385351856034,0.8281341895830356,0.0016562375170470767,0.24986880861549762,-0.12012608593799132,36.99481134410399
156867,Erik Simpson,DROPPED,DOWN,0,1,26.178164385655396,0.5754286853045696,87,-0.29692693802224945,0.15693667841138748,0.11292158245695622,0.11104700278759205,0.04838495447536949,-0.13770899340532616,1.2456094510158335,0.18336947826113165,0.3642830270643561,0.11270325128129603,0.16671459571131028,0.31498208042786713,0.8226780285920245,0.0023273514565706477,0.47494674533465425,-0.14519155306346307,44.862645387763685
141932,Isaac Garcia,DROPPED,UP,1,1,24.447892102057143,0.34349337995570506,33,0.5926045480409107,-0.0897520914345085,-0.060820851797841025,-0.139742884243856,0.21005111815108538,0.24406550899623486,1.0893493716083944,0.11460546915081878,0.6208495127457798,0.17000396813266128,0.13756666662172876,0.17444769665640558,0.698437350219272,-0.10848852158383301,0.2983514596550102,0.1391055566061147,23.62533598151277
113694,Victor Hernandez,PLAYS,DOWN,1,0,26.973540571512604,0.5042266065353493,60,0.40294512680279027,-0.10908491183013928,-0.33820257252419106,0.15740459768913384,0.15389463529394373,0.06252271250278556,0.05740254660362132,0.22958383739153315,0.6379706101380764,0.1723198148379763,0.13984810357263752,0.16618232342745237,0.7915219512555317,0.1448218622731158,0.31162467648886877,-0.036904149813947504,31.146603056054257
129879,William Thomas,PLAYS,UP,1,1,31.396193792810962,0.486344258506157,63,-0.10644510355331713,0.1376936261994887,0.16548397062365017,-0.007967326202012737,0.050965941527462574,-0.05785408579877538,1.321493638633564,0.22762363778680716,0.47850418797483896,0.22613630656043607,0.12623985345029182,0.2479070818791423,0.8160415328629549,-0.0750081327393511,0.4279470975285165,0.03096391862985129,30.99970643578815
120268,Harrison Rodriguez,BENCH,DOWN,1,0,24.629336457280402,0.4298768918801631,26,0.7757307416032926,0.003254105827850712,0.2355902261629293,0.06761516143826593,-0.01916361856320474,-0.10963763508867876,1.3323745023600453,0.11505812367234956,0.30720044906629057,0.13318580446690959,0.15899245433583506,0.18261002627933703,0.8210860816194171,-0.1279907797621192,0.30164704472684223,-0.1260854780438145,27.169357783417126
64886,Frank Thomas,DROPPED,DOWN,0,1,32.107127064831815,0.6617100568442924,22,0.3945296460974783,-0.03352581909279333,-0.2544398653312757,0.24346647539065092,0.11071225966373104,0.027305553106755986,0.3420283374928511,0.2301921791380936,0.3998192973518325,0.15714869105026,0.19908043392211627,0.24447004064235384,0.7130321578737056,0.048943874692562644,0.4856187339917008,0.05493428571691397,20.074856815272604
147337,Daniel Williams,PLAYS,STAYED,1,0,27.597644696016047,0.5479378675393853,39,0.0025505849474132675,0.10319237499168613,-0.05145960570649061,0.15762071790386384,-0.06735461997044687,0.1605980134309351,0.8227627012685612,0.24923153469975579,0.5690929053392857,0.22126086083405364,0.1082139729208838,0.06843388703923625,0.872681417675686,0.028609911047061787,0.4213783306996401,0.12977001261178825,44.323696895515276
178266,Thomas Torres,STAYED,UP,0,1,30.592990797891584,0.34052310795382396,6,-0.6498217144620719,-0.02844924317894913,0.19287313915077967,0.017776322251300124,0.07763577693562193,0.034694105554695896,1.2099973956866417,0.21508313282478964,0.39695629147882816,0.22354354161234602,0.2108206254254818,0.2941170031166682,0.6575597284463209,-0.025456303802176283,0.37922877277202605,0.022699575899225888,40.59951559999758
97498,Samuel Sanchez,STAYED,UP,1,0,28.15865711184165,0.41009160097490566,94,0.7872827717772225,0.16608077708375488,0.4086243204567548,-0.056943067049834484,0.08054701591666269,0.23133859162968168,0.6744117082523831,0.21897426955104582,0.2848068873211155,0.15769166139681523,0.17647227152475214,0.33215118586382075,0.7564495566629488,-0.023342329835796594,0.4642685481634257,-0.11216540328737683,29.949990848827117
122727,Chris Jackson,PLAYS,STAYED,0,1,25.18378095038027,0.641629381829798,22,-0.3168717400290788,0.07423406970714153,0.10311905615131119,-0.2082178481595166,0.136020990749888,-0.12414108280618706,1.443786828659607,0.09980174722181799,0.4727139643712752,0.16886860349300215,0.19525824977520423,0.24462961584781578,0.8840637945606901,0.08551917631392936,0.21488177250484483,0.024516458242043015,33.097362680520895
136324,Thomas Allen,PLAYS,STAYED,1,0,38.91751944620529,0.3380654297451501,62,-0.3936196240870675,-0.01903291265165621,-0.009200441184370162,-0.0362983983090904,0.30596600389110773,0.048549326258473455,2.2183234967716166,0.16534047977155125,0.5880483405984139,0.14549288362739243,0.15786669696820166,0.3363697786576432,0.8191678763166207,-0.09128620797010528,0.2771188076567626,0.07990416393139571,21.81783160678987
185203,George Simpson,DROPPED,STAYED,0,1,35.03572167735498,0.7256034570243843,26,0.4067711296028921,0.19258465706124028,0.07256553383427398,0.024664371340676672,0.0692415967178767,-0.10028721332957428,0.32840838041901066,0.06345118279347357,0.568370554857401,0.2398832317628968,0.1891323381993689,0.095429694310989,0.728348729753258,0.09607599568346692,0.33951090026627295,-0.028075039027794402,31.313612111752406
26023,Patrick King,DROPPED,STAYED,0,0,21.942376691095504,0.5475732635069872,52,0.8319257219017818,-0.028457193840267073,0.3062314628722277,-0.06846154325814206,-0.02089636257074988,0.09363582591499614,-0.028626761892264874,0.06898358736433395,0.3200492560521413,0.11779656486123705,0.08226805562752541,0.19322485684410612,0.8584859358029143,0.04462413416850544,0.26809356184145633,0.11395132438244035,35.84910399364428
51090,Oliver Campbell,BENCH,UP,1,1,37.23782749385617,0.540293288663324,51,0.5152818455531555,0.07936762976074456,0.0031053731313197136,0.03424916394892344,0.027442568780800557,0.15642648681167604,0.9822911573629255,0.24977852240665815,0.5191058457649866,0.2400624134502205,0.19457325946913495,0.23054202018363418,0.820217283246822,-0.024309067866142675,0.4231715561906456,0.044604886007209354,30.455010851597663
77221,Robert Roberts,DROPPED,UP,1,0,29.236055163239786,0.5962038923297588,53,0.2691727360157079,0.04394340643251936,-0.019878800997538026,0.059222225955052187,-0.14690759048891183,-0.000491415241726384,1.2329375030756862,0.11532784988518219,0.33820170537425887,0.2025799677753015,0.08561944027195131,0.22452099422635602,0.8888730828369161,-0.012591415024839403,0.4757624093161176,0.11977467548676077,44.70855511754824
74820,Alex Hernandez,STAYED,DOWN,1,0,37.78559676477592,0.7123404829625746,98,0.2784263024995858,0.12413930315190386,0.02758847167269514,0.023017282183030577,-0.03947131310890582,-0.2625056627952561,0.6614801756931387,0.1996367824097693,0.3372830138208689,0.17973582290300968,0.20458787269080075,0.17043853372671297,0.870507555856947,-0.07300583784417126,0.32713103597927706,0.037051593374201164,33.340249687431786
10769,Brian Harris,STAYED,DOWN,1,1,35.796960374893615,0.4739046039510965,38,0.35602466763409235,0.1449208957381482,-0.04299929123880683,-0.02800030969881516,-0.010928243811310405,0.07387377761557934,1.6719563979926206,0.2113330106053633,0.599628709322074,0.10489885911767438,0.2188747846134101,0.15142532280987842,0.8330323766108704,0.07563429980909245,0.3026397800335685,-0.11061360839855272,26.12921137776507
69735,Walter Young,PLAYS,STAYED,0,1,27.929483593853902,0.6390080762795318,68,0.32767857693602953,0.02256033192526133,0.11840054739921933,0.07023856063600732,-0.022408839793459256,0.10240862620802114,-0.0031634798339491565,0.22160465420144587,0.34986758109609206,0.17133942877330124,0.1211694447047489,0.08804720676512565,0.7964533025932442,0.003862422691580325,0.4884652196412699,-0.05709248666844326,38.164560828475146
74925,Edward Morgan,DROPPED,STAYED,1,0,19.471855474722464,0.5828659819978955,81,0.18435742719081274,-0.040273429627694673,0.3437017687704341,0.10303287794832908,0.0452354872033722,0.09851537059540372,1.2157511738189668,0.24952565948043132,0.35529893860720446,0.16116221575040984,0.10944459788001112,0.16752273516868343,0.689954637700257,-0.05374363717504692,0.3334557298482622,-0.08946151552426293,20.113875347449262
15311,Justin Miller,BENCH,STAYED,0,1,24.642224547083867,0.43351413508471065,36,0.13126033118556282,0.05679777143512932,0.14846189096740436,-0.0808478892931415,-0.05224199323822007,0.19829386301865848,0.43648350754466403,0.09829929705137358,0.25026135630451984,0.12418282179626838,0.18715087094012572,0.09879824453164554,0.7283999053656152,0.02881503472828506,0.346714520134785,0.12264794931505871,26.535474411187998
113355,Peter Sanchez,STAYED,DOWN,0,0,30.374318507878208,0.739314993177579,38,0.08122206163014328,-0.034217229580168484,0.062146974681056864,0.2193118855695524,0.14210306673244716,-0.07852644155788586,1.831626743724378,0.058070165371939944,0.5982676136502071,0.19846144052509854,0.11542368772883546,0.27030970294766554,0.7757298418751256,0.1487203356153969,0.3054949617025716,0.07812002018624478,25.408768511327576
194779,William Simpson,STAYED,DOWN,1,0,32.30304261634909,0.698713010803464,8,-0.12618937666000288,0.18107097980212983,0.05622830966266839,0.0381694241258886,0.030020706491819708,0.13162593265405392,1.995509211900871,0.1322383035989172,0.5670379252836539,0.24567263610524287,0.2011787336441085,0.112649280648377,0.8297897861019166,-0.019421316103033853,0.4728645419036415,0.052919510673001824,27.95421285323332
95305,Ben Smith,BENCH,DOWN,0,0,24.41564139409725,0.6292259173292127,41,0.01579747693996779,0.030922826486618996,-0.13447862130449853,0.052261954753381724,0.029069967886138557,0.19310090149735698,0.34000604732999135,0.07601613396578939,0.5009315740362712,0.18432832165967877,0.09439796290204674,0.06756959158536016,0.8041123565645915,0.12620742023358586,0.3706866449845552,-0.05971010411051349,38.45339477786179
169765,William Lopez,BENCH,DOWN,0,1,21.926477555529306,0.725290864547121,44,-0.40788704425861566,-0.009225724104968695,0.23246646657207384,0.13498573079078685,-0.002789471651291786,-0.16343051008078202,0.470265718454852,0.054485177832411025,0.5501063055755369,0.2072129914665919,0.09763372749311017,0.2157098413451703,0.7364553577878589,-0.04649494802263017,0.42865237615449336,-0.09478656838493593,29.525190964902222
140608,Erik Peterson,STAYED,DOWN,0,0,36.53353497278528,0.7336471004799012,60,0.07049811196157504,0.034774424469192676,0.0883244204480797,0.0779859357516202,0.045519068385897914,0.08835821911027728,1.3157527321878812,0.12208536542829723,0.3108194269697967,0.11026756788490252,0.21708121771408617,0.2285689198158205,0.6519393073369132,-0.13358018792250423,0.4435420155052659,0.07693532639667353,38.82043350797888
166730,Gregory Porter,STAYED,DOWN,0,0,39.672445794774596,0.6541814883575174,14,-0.1965773321452752,-0.08777010316237571,0.07292801296140616,0.16437639606958943,0.11250982646676347,-0.010501579720920577,0.5677216101262913,0.20674765021504732,0.4333294378350302,0.16265004937254923,0.17433744575780066,0.3115739183841516,0.7988717665702442,-0.08872736808947133,0.30255471257517746,-0.0077526162362761,32.29466709419597
94478,Ivan Rogers,BENCH,DOWN,1,1,30.039493828356402,0.7185066641818361,5,-0.23107679516473126,-0.057729123080852124,0.5789661351767291,0.08445489982421892,-0.05671302157109004,0.040217279227802494,0.7727532692406571,0.16323613824501418,0.3904877549395124,0.11745377277467439,0.19856421142005343,0.22309448372530455,0.7356877965686729,-0.024391457001694733,0.330108299396114,-0.08226313435481127,25.26208303972666
132537,Justin Jackson,STAYED,STAYED,1,1,22.605265002814374,0.6487357308346418,20,0.15396824534604353,0.11603311263555403,0.14481293625485295,-0.02349248495685255,-0.03581164890752567,0.09172117802460036,0.8152330523254462,0.11255559784207081,0.2875106105028066,0.19191937533047657,0.12540611282921252,0.15364425611703372,0.8703824902131605,-0.0841095214216293,0.4545415323218794,0.03498659344958252,39.29936231050417
159503,William Thomas,PLAYS,STAYED,1,1,24.71845385690675,0.6400703858801502,42,0.5176006859033798,-0.032551542317711665,-0.012768657514277637,0.0933804230247322,-0.00037260287766646694,-0.008467427693626274,-0.35180389371859366,0.18086840109854396,0.44445219408596964,0.24077232373212318,0.1747077249328846,0.29090356445789617,0.6571838795811451,-0.14993188853452333,0.3089766055027431,-0.1378998443584644,22.148690116592746
140523,Chris Martin,PLAYS,STAYED,1,1,19.386204207496803,0.6093056891075921,23,0.37549498180069385,-0.06375287861455517,0.03604636056916852,-0.08724714487847941,-0.1045870923473215,-0.031084969499393406,0.7916973523434577,0.09640363606176215,0.6182958601370542,0.19926665987074577,0.16319385582320362,0.2120836679562263,0.8254483433917372,0.12450046132425815,0.4381805400355554,-0.05214892376152394,21.731489393993865
12747,Xavier Tucker,BENCH,STAYED,0,0,38.20027493777048,0.6763583197788205,17,-0.3711501810869531,0.06293222020218289,0.2722668563795132,0.06302716469318279,-0.05192578597214978,0.05409829009856296,0.38616333556149574,0.052876289214417005,0.2660236476202778,0.11152045724716324,0.16444101681721257,0.07378408538935752,0.9324422712518196,0.10316382336927868,0.48229769677233114,-0.009432901622659612,30.13508772164507
133855,Harrison White,DROPPED,DOWN,0,0,21.472772740692964,0.37930255264653684,99,-0.19688844097110123,0.11485633237303976,0.11699056158066468,0.046012401122664706,-0.01762208735446591,-0.08046951266353632,0.5041263065601369,0.20287067728728547,0.36658436539751754,0.15319993074776242,0.17555454433528103,0.219755168093974,0.7023227801334498,0.07268766944608412,0.3869631119204021,-0.10561249976717824,22.82547737886267
75725,Kevin Freeman,BENCH,UP,1,0,31.106845985799325,0.7404353795994643,28,0.38223135639646477,0.07751626485320534,-0.11574169674760498,0.025025977127295238,0.11743891807127275,-0.08029901546622224,1.6661792020812887,0.1747486169728018,0.3330163744822814,0.18259950691612775,0.16055028423807383,0.3224055636264987,0.7914948472251786,-0.0996556213061914,0.42248818623556667,0.14539634327725184,15.27261104853649
139981,Henry Torres,BENCH,DOWN,1,0,24.755159634431326,0.735921763872616,10,-0.19474621806149287,0.09968381486446531,0.23788434018628052,0.03457549862732831,0.0562561329001925,0.1315247939547804,0.046095863432446316,0.202460524900192,0.34525866146627854,0.16048116341998783,0.14006873170237324,0.16889378764946616,0.6774265975451415,-0.11389092713700419,0.44152919361234044,-0.08727079062311573,34.44892581896404
94654,Michael Roberts,DROPPED,UP,1,1,30.63773805283166,0.31462364151727956,96,0.03261005500089263,-0.04054360708555686,-0.00022161283084908,-0.17582188545971666,0.04935899113675443,-0.08785528421903872,1.2879231120487864,0.057787603337533126,0.6133738207517501,0.22504660157127584,0.11862917721327657,0.13889774056994003,0.8377045736784058,-0.12971857515828505,0.4535118946689928,-0.11089406098702034,30.33281464417194
176845,Thomas Scott,DROPPED,STAYED,0,0,32.679828155389146,0.7129083752823813,89,0.2650156297073656,-0.0937448533393475,0.3809946664326318,-0.01584698892891538,0.11508979621679723,0.12995750010910542,0.632622241800915,0.21742392556613044,0.4372276216937161,0.2222006507064984,0.18760138632784829,0.09304083710540602,0.8151595041788676,0.06720875663187637,0.3185160013570388,-0.08893953783393108,28.365534434794835
129346,William Harris,DROPPED,DOWN,1,0,36.424577877851235,0.3644349337367226,44,-0.1905033364590906,0.14010669215643895,0.2620072098571973,0.06114138813693377,0.016262821160060333,0.10551095514247413,0.6321438989024994,0.17390524000726065,0.4365197651759275,0.19177465301548322,0.11167814020044607,0.0954336565806072,0.7722096572638497,0.12864238820636556,0.21537903775279946,0.08071833994791727,44.00905543854946
77435,Justin Harris,PLAYS,STAYED,1,1,23.33484670697267,0.46755942712957094,46,0.13161265184378798,-0.0058143871073708595,0.032901715651187324,0.06918276703968805,0.06904648499288896,-0.1570968074548716,1.2742231376310267,0.16267907014252803,0.5542302569821129,0.1560186917699058,0.176929602861618,0.1798314453025457,0.8064131064421224,-0.020839253726088913,0.32056288137102185,-0.022348302218447164,32.135975518887406
66886,Daniel Moore,STAYED,DOWN,1,0,19.23091240182809,0.6717541281458039,16,-0.30020764847546133,-6.664131640378781e-05,0.2921524542602669,-0.07332101691111496,0.019677824706750377,-0.03130775828027861,1.0040307767413343,0.17492280962290632,0.31179688160197033,0.13830045606448663,0.11266659517090574,0.22870394724845888,0.918972397540703,-0.11425779840118555,0.402126868935227,0.019624781925761392,40.90294733368154
76803,Ulysses Moore,PLAYS,STAYED,0,0,21.874598231444953,0.3803799480241541,80,-0.08041029318536408,0.12625553134792464,0.1101783265791105,0.20188494090376408,0.05653623493996285,0.19329312836568469,1.1423677983317186,0.2228866493736728,0.4449061416400203,0.1158811477319694,0.16754622379362355,0.07418462155088053,0.7088882906933202,0.003717846219631976,0.33510511573423785,-0.14369725290409177,19.183507086154805
41551,Ben Tucker,STAYED,UP,0,0,37.90039147881021,0.7089835120595311,4,0.1959345802427611,0.06449840075205279,0.22791605126833292,-0.0539409817857401,-0.02827586576115821,-0.06773986373676179,1.3809107963197167,0.16738730131178142,0.4219940856484239,0.1532346525229831,0.18459095739806405,0.3318705767075497,0.6567693535116041,-0.04535042776241095,0.42468894525811957,-0.13967060742800563,32.07619389388283
126216,Justin Thomas,PLAYS,UP,0,0,37.351691628812816,0.716067088978871,39,-0.37789812005950074,0.056471021766528615,0.17270992259417123,0.1663348640632084,-0.21388171582764293,-0.0057285114771265105,0.6012149700900065,0.16619007597763585,0.4887642762186625,0.16197587758115795,0.11061994444691549,0.2765400852335588,0.9084994654097303,-0.03755252269500069,0.3070947288405992,-0.01625233505189516,41.03938880192709
21394,Patrick Torres,STAYED,UP,0,0,31.545675145576475,0.5537338668804181,71,0.2321424213881197,0.1932001875920867,-0.026953498248631025,0.10126332342460218,0.01657208378136958,0.10544730719022757,0.4326579592953499,0.24813583141315315,0.6498230813001755,0.20137343876561103,0.08839206212058316,0.22598717548509878,0.823135124716372,0.03639918724671218,0.39042324233120884,0.09499657296048705,32.49317271839694
79092,Harrison Brown,PLAYS,DOWN,0,0,31.610854069106722,0.3031929358584168,40,0.09410866032199564,-0.031481458430411446,0.0034675251523807044,-0.027547277181256366,0.17227481360999403,0.14400686111391145,0.14890968406532124,0.2013460334137136,0.5577795576328188,0.198723973644636,0.09833632401918438,0.29853160128169726,0.9171975366385527,0.06561543397866071,0.2559259414561924,0.11557166361226959,36.54042534381004
13890,Harrison Wilson,DROPPED,UP,0,1,32.96577016547137,0.4435190665874564,43,0.2657469863251443,0.09422721024649898,0.2544941226371742,0.26303730711314144,0.12262154022415925,0.01981533367466052,0.304753682012627,0.13845876109022706,0.4091462812069709,0.11051622094618854,0.16483957541794358,0.07405602704363398,0.8290835670239518,-0.11681892033805175,0.42481083099348704,-0.12398802972130793,26.16130703436622
51606,Ulrich Murray,BENCH,DOWN,0,1,22.68279685109244,0.608463459187871,64,0.16717424021939842,0.02456104999176676,0.04978370018401888,-0.09323641981077758,0.12653974845911709,-0.021701223362996985,2.569456655185235,0.19147940000658553,0.5810212209096188,0.15928889731467366,0.198922496871603,0.19305166331993734,0.8930483269879107,-0.13932293075805707,0.36370879064390776,0.011508930630306835,17.773485511112
97313,Thomas Davis,PLAYS,UP,0,0,38.20265086442416,0.7905930890137117,62,0.5092421289921533,0.04148738230906056,0.039452730513700504,0.16029850083320019,0.15361307218062178,0.2206843834038209,1.5468077484420721,0.1278460943383577,0.3182833453249921,0.12726683008260428,0.08629955497295941,0.23902793805849903,0.7789020090065444,0.14829909080571443,0.2612193165639802,0.12396890588378115,28.737008853812142
151699,George Williams,STAYED,UP,1,0,27.794181022733536,0.6159067635083342,16,0.13756735079437218,0.14227747411300254,-0.04326838690240292,0.1700698781651574,0.038865759096143745,0.25866795965570943,-0.010644619724812787,0.0957750924966998,0.26218547452358404,0.12352190579752086,0.1827811762658305,0.29859587183548675,0.8749579793864806,-0.08018149532533445,0.2875733520493422,-0.033608173680634096,26.834381725165727
18792,Quinn King,DROPPED,DOWN,1,1,27.045909093239445,0.4299017905320799,91,-0.028821662337575882,0.0606268605031699,0.16353985983901914,-0.030474425089197385,0.04973157074055956,0.16746296609381545,0.0065252259538579604,0.1693703753775519,0.3317793489857092,0.2240953224605869,0.12778461043300732,0.2850408680147803,0.9239124400669567,-0.13385084252746227,0.4245826125745497,0.09886974942851057,41.01180547136842
184073,William Lopez,PLAYS,DOWN,0,0,29.89727181093959,0.6170028515498056,86,0.13668925090968514,0.06306368632397064,0.4093787378864717,0.21709583600771942,-0.03176518954343502,0.06023817710780289,1.089119637031095,0.2356364196227903,0.3861646224457039,0.10628728250743863,0.14699397178873316,0.13312077491401988,0.8216368891166619,-0.09303740127122401,0.34478037069845624,-0.10989130368016914,22.319859070574168
164969,Victor Porter,PLAYS,UP,0,0,19.986285302276155,0.5699926898579277,4,0.26298940871091636,0.10580058698478419,-0.06012993713814091,0.019994418248125673,-0.0016072856027049762,-0.046991886596911156,1.1283588784267802,0.23582790400309256,0.454232302983824,0.16287743138531818,0.2100403369783792,0.3322640508677613,0.7042355451687139,-0.13831264609546073,0.2648094321179217,0.1306183469003396,44.00202682605324
78148,Victor Bell,DROPPED,DOWN,1,0,22.491950743877666,0.6899226975755718,72,0.11465802109771131,-0.009196218363430826,0.10363291850091372,0.08464323551358285,0.09157711497711415,-0.049653328786787826,1.1293303011904188,0.11838105562109807,0.49605165621647995,0.12523054836497774,0.12647601066301836,0.08730375242926111,0.7306392845090595,-0.032456731614848494,0.4901813571110893,0.07542699525939078,43.74414359413488
134243,Edward Phillips,PLAYS,UP,0,1,34.49870594495378,0.3534903194134792,19,0.11217750736116472,-0.04713677338712051,0.3118330833123144,0.08123862065254649,0.15038844371688162,0.11270169263189089,0.6470265238677814,0.15553549324433902,0.6142422868857687,0.2318995323517711,0.14514717075152805,0.3125400855863456,0.7095933730692218,0.09072053533539728,0.4145375059450664,0.1324003178360705,22.42894929214316
130174,Michael Reed,BENCH,DOWN,0,0,20.738772026427657,0.680513951251014,91,-0.11059750634202659,-0.06358473552168269,0.08805379131314273,0.033882951023534266,0.016055372431900042,0.10020778650664205,0.72472744399826,0.09232717971397225,0.4539416038201831,0.18355607699125526,0.08191553806649536,0.34128207488138557,0.7240571082787199,-0.047626665072683816,0.4871404497619388,0.05298517006575193,25.441558664319615
164555,Henry Clark,PLAYS,STAYED,0,1,31.666194298794153,0.5706332893380551,30,-0.09887027526528444,-0.13730852715008016,0.16785576943746008,0.14729699277917385,-0.015018926485141165,0.21819183115357155,0.9967277144956145,0.24912622189977668,0.45051025785029175,0.1347070954565272,0.09142382080067737,0.10314605696678766,0.7419246348053109,-0.016744977936490046,0.328131513608103,-0.040978820400171895,41.86667222621655
134358,Adam Wright,BENCH,STAYED,1,0,24.15233130330774,0.7814960019294973,68,-0.320781581539908,0.18449657039522577,-0.059359029222031956,0.14521864646626556,0.03005279588565973,0.1280540111043367,0.8515358037759982,0.24622358157358715,0.27009720392919284,0.17536409307495648,0.11620282275886977,0.2666198192611356,0.8165401360259565,0.05267603207023164,0.3425301022075161,0.13145435175741674,43.99866662688322
58555,Ulrich Robinson,BENCH,STAYED,1,1,27.17520789488151,0.47093608301934303,37,0.6248730229560817,-0.06825666925773465,0.1642460645811473,-0.1598238367885817,0.09012067489291148,-0.13036963621117814,-0.531580223648521,0.17990178594148948,0.2639646210624895,0.20972295395546736,0.08389931371495042,0.062085655633399545,0.8263974888391499,0.0026682210209640622,0.46938656485550573,-0.06732996710724645,28.30317308508132
27159,Harrison Ramirez,DROPPED,STAYED,1,1,25.062568472184697,0.616310946566974,7,-0.2731589706173855,0.0022997101131382418,0.07192836024931769,0.20652082914537828,-0.11438548161335418,0.1762337141267502,0.6621202216548838,0.21088281193549469,0.4704639847665488,0.24371770133791507,0.16839254564675515,0.17162684754174648,0.7779499241725584,0.10843370580639725,0.3575148020736154,-0.05034824338148024,24.629911369226935
120510,Vincent King,PLAYS,STAYED,1,0,26.469127045763933,0.7660140527550088,67,-0.10787155933877218,-0.002145063991113652,0.24785949935197946,-0.14949903856428093,-0.19961809531372382,-0.06976727527772954,0.2891561394438119,0.19302003225674003,0.4252714452993378,0.13306690063681284,0.13969576995222716,0.2048849897593022,0.8346262339462506,0.10981070251372696,0.41218367357170016,0.06024252540052211,30.78282039754626
116530,Erik Murray,DROPPED,UP,1,1,34.09996400886916,0.3512548639953396,42,-0.11552217967075923,0.04459253582472806,0.27810790773471267,0.17390554452099888,-0.025053684949158356,0.003923447365717814,0.9051268513451073,0.16863164380789364,0.5856721579921195,0.23292726581940176,0.1567403283819231,0.22419356777289023,0.6744724776834098,-0.1470267913526539,0.275651863248659,0.07959488985761587,35.63307619097205
90077,Samuel Brown,PLAYS,STAYED,0,0,25.239556028086675,0.7686142436182255,78,0.3684773130833324,0.08525897700314375,0.48843454630279204,0.18520461641931002,-0.09207124259141587,0.08002402475020334,2.591155401562046,0.06066959939777954,0.31427183388473806,0.24014561712512353,0.10445060602548614,0.33078117447456784,0.676336471117448,0.08341389194495974,0.33401794061079215,0.12882104515474616,23.204235461249393
45920,Justin Freeman,PLAYS,STAYED,1,1,30.89449744623484,0.6439428611504067,58,0.011515096512391673,0.08883787906877963,0.18694497598203635,-0.08091597162582377,-0.020814019764731094,0.2894800987740757,1.0204889992845827,0.14095286851053224,0.2599886648468198,0.23746308167980992,0.12143048412112625,0.2516752061882584,0.7015488381072975,-0.011779919927497828,0.23703495974310654,-0.08855927728313714,37.09419523857218
29457,Quinn Cooper,STAYED,STAYED,0,0,28.997058446181093,0.33391852955258594,38,0.47432262180212015,-0.026646195085515075,0.14886944748732497,0.0007022854454498267,0.015221968118252846,0.42319022672064327,0.6118821882965613,0.1849572604334821,0.4296155071720503,0.1953121535292865,0.17293542647938154,0.1943833853657711,0.8054232494121034,0.14665216239109893,0.2617940107630885,0.0893994105657672,16.549720713439232
88953,Brian Robinson,PLAYS,STAYED,0,0,32.93709447261561,0.4504817834734081,47,-0.10204718727316053,0.00663026289708708,0.1291576452366004,-0.08268456021831229,-0.015324840902301344,0.12280676709634193,1.3530809011863514,0.18550632277673695,0.344991422700903,0.19447309816520614,0.21514238130825597,0.29290251087976676,0.714198403609494,-0.00503037723736946,0.20028302458028935,0.07156381601908904,16.478834782932495
62995,Daniel Bell,DROPPED,DOWN,1,1,38.67342452581992,0.6540860443226408,25,0.18369824866714057,0.04260639603906397,0.04702505607839676,0.024209476365351763,0.17524675344707455,0.02801640575355346,1.0896127323255276,0.12462452368447673,0.26984574933553496,0.16048159497757342,0.0870583483043093,0.33515984628632267,0.7349853210477733,0.14606878361648926,0.2117795154945981,-0.13086163312392063,26.588631154366357
181829,Frank Scott,BENCH,UP,1,0,34.384014041415256,0.33367530073438584,49,-0.1506041159779272,0.00010470990531623314,0.1507725765192537,0.013035885897711055,0.062674476460232,0.11414067781766603,1.052056694271105,0.2383383973316061,0.5398393147390517,0.21285968234556818,0.20465380491973728,0.056619844604687254,0.7700938508518982,0.07637080836172097,0.4931851469530788,-0.03383305763693792,25.604195761821618
19692,Patrick Peterson,PLAYS,STAYED,0,0,23.513747950405893,0.5910852300881366,33,0.7435447383320164,0.1485876460815994,0.055689788479145595,0.14355926387232076,0.060047435961082835,0.15651865110486032,1.1641103559294026,0.0834714064473562,0.294637199982899,0.1796941027526398,0.16076336818356918,0.3447563816768116,0.8935598372031139,-0.0754185346160081,0.2727061085410287,-0.06517036288197042,24.46899646101457
186830,Xavier Lewis,STAYED,STAYED,0,1,19.654845836286977,0.47294152847647836,13,-0.2562795257088538,0.05927799613106011,0.12526914644044215,0.207237049534353,0.0922207144043402,0.011519884933137,2.0339261388977246,0.15007188924311213,0.4933278000031087,0.20161571068424416,0.15894873934578735,0.0758396417191041,0.6541586407738581,0.011518493786087297,0.3989932128512006,-0.05865287269379088,29.7305928800673
47065,Ulysses Stevens,DROPPED,STAYED,0,0,24.507544930296326,0.6104577588837385,12,0.19294621306810827,0.07879022288398539,0.29763963034119395,0.21748205729479475,-0.08388331177807692,0.26542536270947864,0.1214669388044507,0.18817679531016457,0.3624199000667557,0.16426868557731933,0.15003899492908646,0.29431603378062837,0.8448136460709867,0.14764069184357484,0.45172990963988346,0.14488406386641026,24.62200746934714
109299,Felix Scott,PLAYS,UP,1,0,31.496636544705353,0.3228710169062564,69,0.29013306427962954,0.07303050149339302,-0.050981384791946166,-0.01746016318939625,0.13391117874202688,0.07760849110296825,1.0841792460868727,0.18942716117836184,0.3193984201420088,0.20972446960647084,0.08971517202658567,0.13410042576542375,0.8506629593122056,0.1072591823255771,0.3651981377709693,0.04283322404397838,20.767737554042757
173678,Harrison Simpson,DROPPED,DOWN,1,1,20.079942083169257,0.7357684030761882,16,0.22413972923544948,0.113877908598826,0.2709817841693568,0.02489337515065667,0.02242357134645401,0.10972917069096731,0.24417132201107705,0.1797277913537631,0.40190060916772696,0.22367072764068235,0.0925827592430625,0.08965389732616152,0.8895967341069909,-0.12078993186263366,0.24594335002518686,0.06530284733804986,24.284086472658025
21534,Ulrich Allen,STAYED,UP,1,1,29.423691191225963,0.7867444845886984,82,0.04441370233668752,0.03448172469629655,0.2975672601009798,-0.152012583066514,0.09704806172412125,0.12991091024653537,1.1333075878053491,0.10505764269037204,0.5705783104891815,0.12196543849042242,0.16412768079227208,0.18195669191415048,0.929825881718094,0.06191159904299881,0.41843493120084996,0.14298529119450273,44.247128184307044
50397,Walter King,STAYED,DOWN,1,0,31.533699827254672,0.7844389276428457,76,0.06105379007997216,-0.08374655583646773,0.0822897209513382,-0.046704407979542645,-0.07718572330401555,0.10059039327373467,0.2487880931083435,0.0812413137373244,0.4068374307618291,0.22493945733613419,0.12773420000097818,0.24318697383428406,0.656041354684787,-0.04632612423875608,0.38007542302987496,-0.0368394652627084,27.333402509845456
101387,Chris Moore,DROPPED,STAYED,1,0,26.019121707156177,0.6748259158714623,95,0.11314344159373288,0.05197503614021133,-0.2182782348512892,0.1657821959716949,-0.12537587660160646,0.15067286005635347,0.5495799118369494,0.1771880653653422,0.5503078596844223,0.1810444797685461,0.20841752932087532,0.1642855535070425,0.6961351116539649,-0.14790532143589555,0.41937517680421255,0.09055205053584178,28.34138330575007
11016,Yannick Morgan,PLAYS,STAYED,0,1,35.18915627866226,0.365043120065316,12,0.055899399511453424,-0.03210855150334632,0.008826701935835138,0.24386993882578778,0.11178896580250287,-0.02407038238563078,0.6229460514572562,0.16986042322788755,0.3001945187196603,0.22669988636353364,0.13692267523032614,0.06636962248480968,0.9158513882167979,-0.028955709291900125,0.4309239868571262,-0.01964071100865139,32.2963496985342
65591,Felix Tucker,BENCH,UP,1,1,21.23856331580921,0.6791315979645113,78,0.3891637350384729,-0.02228933453998055,0.29454918198416635,-0.09812186462559062,0.06764095260975167,-0.016996210473523662,1.3854900316068255,0.0858712020578482,0.5591085678660317,0.1646952559511522,0.10005940421836976,0.22983834189761498,0.7875555686561047,-0.07957367348250861,0.49262311030542355,0.11086010154449391,44.5002230524268
33247,Chris Roberts,STAYED,UP,0,0,20.577893416451985,0.31229345822940074,96,0.7631569004774054,0.06690912150040747,0.09656979065516769,-0.021095711098347306,-0.06020515543575104,-0.08201850795660338,1.3510726663654484,0.1910278291141127,0.34477332996265947,0.15685607280745525,0.18006063669028505,0.3207209828332024,0.819377191680039,0.09566078115614146,0.372068984008013,-0.09580273760660904,22.24803829307289
34300,Ulysses White,PLAYS,DOWN,0,1,34.291963880275674,0.3110617757644986,3,-0.06724753550235008,0.11906264571469086,-0.04989533484423661,0.04683130916492876,-0.056966308127469445,0.10274014767442717,0.05256957413216934,0.1410343983467313,0.5209572519555492,0.23725910987758336,0.12106947900174139,0.1649646097841755,0.8489081611169442,-0.048800817346270356,0.30249233380718055,0.13430585311928386,35.43846331597301
92798,Gregory Gomez,PLAYS,DOWN,0,0,29.405317640330168,0.4618051095747706,7,-0.31094089387372337,0.021701726138884932,0.0242837618157674,0.08361933905835281,0.14254347844147694,0.1434723804214537,0.8329604665999093,0.18355211832063062,0.47631262193639856,0.1376753901322602,0.15356584302982507,0.1148998332892481,0.8537199813486912,0.09825710818614511,0.3945393670700711,-0.0843684874767361,36.47954080625172
19268,Victor Thompson,BENCH,UP,1,0,33.456450324982455,0.5443215952023328,22,0.07351538549462355,0.0447066410079171,0.22609300397568297,-0.047152422390597526,-0.0889411892867328,0.1049327439382263,0.37425208715049646,0.21747341595403014,0.6216578868846749,0.22663184879292148,0.1776965899707238,0.18277320377984463,0.9295221209949525,-0.1498206183495614,0.22053221277278784,-0.05213384790572054,33.219732503791974
96807,Ben Clark,STAYED,DOWN,1,0,28.13137411067867,0.6852037089038966,10,0.8739128012962956,0.15617719557081902,0.1820100352302069,0.10088732533569077,0.19426729532559636,0.25093909200170444,0.04489705359479934,0.08394568571538463,0.4049290071901256,0.1726030858764106,0.20603697556828987,0.06450881331463426,0.9490848252235009,-0.057654254992164256,0.4692191954964759,0.07685767023203413,17.657350189099322
22185,Quentin Johnson,STAYED,UP,1,0,24.174442698021245,0.6416476883032526,45,-0.14110237039091922,0.039260254359085464,0.06416018512454585,-0.0068607216485099334,-0.06006207346478688,0.049328477740514416,0.6697897697453778,0.053828973599367336,0.27646607553377617,0.17711431638268896,0.19090676727223466,0.29614627534408244,0.8660472382792821,-0.07765043570767141,0.23581430340145904,-0.031873457530377985,35.30616827482729
180171,Zachary Taylor,PLAYS,DOWN,0,0,36.201148671158194,0.5229513531883742,78,0.5917350416332202,0.22813464913443157,0.044976338227796876,0.04826572749460651,0.0938391925608383,0.1302489986711015,0.6149103269265082,0.20582051727915734,0.2576621942205012,0.1462702422234226,0.17469054950218138,0.297902243285056,0.7361663627615452,-0.0799297916794167,0.29835285136574546,0.032463413029933996,16.922841331085266
149643,Oliver King,PLAYS,UP,0,1,35.78773345834857,0.4368133331408329,3,0.6033102442229321,0.06524077165052353,0.04123627764342672,0.11555410976044395,-0.002861847574898463,-0.0810041051367177,2.256029891807313,0.1719394850305232,0.5807434243891012,0.18595633009285234,0.1751486455353201,0.2264001390288885,0.913925720688303,-0.12954401407036117,0.44472361418783624,-0.016627949679171444,32.88427948649691
48044,Ivan Peterson,BENCH,UP,0,1,33.58862588794296,0.7985622500788556,59,-0.06607647251239837,-0.12086102073246542,-0.03836152767477538,0.05077067237731254,0.09031874310823432,0.0035480357030718834,1.0597758952164178,0.18992791392442437,0.4598942550645729,0.1487816794414317,0.2124294501644921,0.15593086668151684,0.6647662743622285,-0.09386271887684948,0.37919371349921355,0.07271098112693455,37.187435316652284
61214,William Campbell,BENCH,UP,0,1,24.715047881829218,0.5130906511179865,66,0.2706949237555826,0.0802673296883626,0.34230635342041627,-0.002366306863188228,-0.024411400211419264,0.1334645309078933,-0.02657050045254228,0.21763099499772853,0.5600976207339797,0.10589041213624785,0.12141537364951505,0.289935009333735,0.7193242558623488,0.016664870965685974,0.3180906560832326,-0.08150062428941675,21.329096718598514
124752,Daniel Morgan,STAYED,DOWN,0,1,31.394844004250828,0.5256935121648377,86,0.5885189869385614,0.050492670790622224,0.05165192961829902,0.0368468235289003,0.013720709392770578,0.15189225328917727,0.4611355974974347,0.2105621869649001,0.3437702400046059,0.14079979080165342,0.08015569318746624,0.21640610743651018,0.9192157152391145,-0.06259167814867665,0.3420306978125064,-0.1324626038289369,40.24866022628322
58984,Zachary Scott,DROPPED,DOWN,0,0,26.58045183574056,0.3818119105958346,30,-0.013738322296246108,0.12318022032661965,0.28257377812382445,0.03939644489535976,0.03409191753957211,0.014723966280298137,1.4128299772576391,0.24218402938576494,0.38803349820529354,0.10095685651098861,0.11807363831574783,0.29777969256500486,0.7268574543318065,-0.02478156530125561,0.4563642179606541,-0.06002118075808012,15.910614165990127
50774,Yannick White,STAYED,DOWN,1,0,20.92322353985932,0.6974047743749647,39,0.03892589196929148,0.07385450810159667,0.3281974077883677,0.005598676414144681,-0.07021874557814728,0.04140808977703198,2.053065663721955,0.15718701577042365,0.2620415488845276,0.24675321805852848,0.11050479314774417,0.23943763777490618,0.7161953178865246,-0.03693993589584345,0.30200131581796763,-0.0077074005394709155,40.314385909749184
12568,Martin Miller,PLAYS,UP,1,0,38.2635850847071,0.6468411128907443,49,-0.0745042741845931,0.008923521281298094,0.24974663472219405,0.01894447247994772,0.10408243454201259,-0.13214484960169715,-0.15158998734277485,0.14769912653198108,0.6345969298296449,0.24486208147296212,0.17265684191595976,0.2853216419638392,0.6914375879420742,0.11277147749996838,0.4608949054436514,-0.09959398434219643,28.80987151928295
130151,Klaus Reed,STAYED,DOWN,1,0,21.873191249298188,0.4103848063943802,78,-0.20442701920786002,-0.07794385890314925,0.03525695309229275,0.24183766046056604,-0.021321356647158528,0.007156495903206876,-0.32795463108342693,0.13037743997814602,0.5171471626803255,0.15927329462084577,0.16871962396717408,0.22956889796532798,0.907733527294075,0.12158969970315461,0.22644032929300745,-0.04356081310308339,21.527638197949337
143767,Thomas Smith,DROPPED,DOWN,1,1,38.95498443023685,0.34119052280792134,39,-0.09478326351980212,0.0032781394171179784,0.16055951355049142,0.11731033375294865,0.007140008465998139,0.15684597962237434,1.9225791052230694,0.08073820856884091,0.6232820351037225,0.2092556281509469,0.16308459357866134,0.17424232046469984,0.800017477757326,-0.0021129085032419725,0.4330395311625892,-0.03000509451192944,19.01334434981904
134375,Henry Bell,BENCH,UP,0,0,28.36612123211707,0.6402496510373565,51,-0.26718208002867694,-0.048041636336744006,0.09637065904136258,0.014542361836500761,-0.06943493746085123,0.11902460193278795,1.0337685064225424,0.1645214465764045,0.35619856297162894,0.15187091476156375,0.08227408204932352,0.33738375797784126,0.8524679609162464,-0.05095321490531868,0.4542642899164209,-0.13278244689351792,43.599215027471175
189262,Peter Wilson,DROPPED,STAYED,0,0,22.887791505611013,0.6272556071405676,46,0.11022504047776782,-0.026441875984377815,-0.03555527910951922,0.13363452854128827,-0.22623336587953105,0.11007988656574516,0.27902436087418014,0.10540250486519576,0.4945854444902643,0.2006639735628964,0.18202892762309064,0.21233414746365342,0.7217199152225089,-0.11795978879929091,0.2545452958512016,0.024992174455261362,17.1799676274347
146330,Lucas Webb,DROPPED,UP,1,1,30.379919894945523,0.43662976349910465,58,-0.13099196931759252,0.06708627235364877,0.14865389225824044,0.009941661229278809,0.010897223739983097,0.05597284246171521,1.1207774516734612,0.23426150244259508,0.5213999873170552,0.22081450645689688,0.12529425774796882,0.23152685556216152,0.877412126303365,0.1360208638146285,0.3291039597116602,0.11530302839138626,20.97280259807777
49504,Walter Anderson,DROPPED,DOWN,0,1,37.33186255340458,0.7754317811252052,30,0.1701357735372243,0.1535923603481125,-0.07685596867397038,0.19077495651039694,0.2712615421612916,0.050847579035381174,-0.7814486434101267,0.16663816085541952,0.3770198801030354,0.2420134367038361,0.17310783846092836,0.11614629182442478,0.8780016634886295,-0.13193191652991076,0.2496499323990967,-0.10447712611408427,25.43467042299138
174231,Brian Wright,BENCH,UP,1,1,34.37672261460079,0.3755289458904501,81,-0.3667686938610881,0.05157372238583849,0.2781519082692345,0.09435706306377127,0.10846042878980239,-0.029238536736813647,0.8020253039582966,0.16856803610162202,0.589243694006252,0.1600318413774508,0.15792097999030147,0.23769523682818294,0.74377940747249,-0.06070491672951586,0.4119812386982653,0.02934240402045421,33.60704546883362
23986,Ben Allen,DROPPED,STAYED,1,1,35.937784105090444,0.516167400521301,8,0.19926406966433713,-0.07567064496281474,0.030307405405241045,0.037123742719492536,0.028073962026560536,0.13385941042430416,0.9966927037058512,0.12098493217540202,0.6288645851600991,0.21749469744340716,0.12798232955990702,0.22148229484488313,0.7732047899030848,-0.06058013964899875,0.36060433041849704,0.04942176147325389,31.34403255828295
71858,Walter Perez,DROPPED,UP,1,0,32.83445070092506,0.7718079600837995,63,0.3500586884826774,0.05556821345761126,0.13017394838092589,0.10372603109723331,0.0037109170791732315,0.10051675332672677,1.354562083722698,0.0603978703955415,0.6039420470784018,0.13988926759481782,0.09884067739457508,0.10545151938410749,0.7129070832290603,-0.05387961415793553,0.3905970040124963,-0.024199595874213498,18.76930477236942
139312,Yannick Perez,DROPPED,DOWN,0,0,33.5378078548749,0.5098636584630611,22,-0.49812069277143667,0.1157305189316521,0.14249318073192133,-0.13850513824821992,0.032246589281204635,0.10904226175913592,0.19166242862447747,0.056348753074597725,0.545626790375749,0.24854984556904725,0.09321864567246733,0.06787612920594312,0.9429683069968713,-0.10071394701827721,0.25894609008686337,0.060329276209280996,23.691839512146437
22666,Victor Freeman,PLAYS,STAYED,1,1,36.8331086828717,0.6192629738320428,80,0.21221697095427164,-0.02878263234555058,0.06116425394438841,-0.08521209626917663,0.084711911517521,-0.013124181120109643,0.8514122968420155,0.13466702883063952,0.3609858718899816,0.10386543981465268,0.19641256663571133,0.23130779591443135,0.8436807731175234,0.08494842927710913,0.26352375861572586,-0.026780536952696388,22.162553132580722
48660,Quentin Garcia,DROPPED,DOWN,1,0,24.243028186042906,0.4987971989813971,4,0.4683006977419877,0.009278626666166585,0.18800407022129123,-0.09327100076788665,-0.08808128153088449,-0.20840115038454932,0.24474522436424773,0.06691307561944758,0.3626464168422527,0.19052932097516814,0.20857565589141813,0.2791076808050961,0.9303631642146546,-0.11325064141020323,0.21244919765297193,0.0013911863932304647,21.40628563471024
144633,Oscar Tucker,BENCH,STAYED,1,0,29.27792423650595,0.437107601174335,75,-0.26289230560736165,0.021175055578335766,0.02876445150662134,0.06715317137164481,0.14143216946688722,0.18165832541044347,0.9532302534045903,0.17136939110802785,0.6353441281784151,0.19892589724769907,0.17097032654700195,0.20702041127660248,0.7410156630887399,0.04047199774594884,0.29662026055871893,-0.1477940866336719,27.33433009439961
36854,Raymond Peterson,DROPPED,STAYED,0,0,23.645398278211648,0.7919888239799141,39,0.601771716051311,-0.0427918650465792,0.23069459461858663,0.25790179993821105,0.1015381315441244,-0.007460494721008494,0.2627922065821856,0.2261946011279315,0.25411379837427683,0.20320683356111935,0.09448077608046768,0.11803178759589371,0.8845672738990669,-0.11284619198825477,0.36792339840010246,0.05751603424040663,36.120943577749706
74505,Harrison Davis,DROPPED,UP,0,1,39.741028167929585,0.5046670031575216,22,0.22570570280981356,0.07186243470750872,-0.10189695203701227,0.31775601754311583,0.10181857257079345,-0.053533091685174464,0.5551394965038676,0.22658296330374444,0.5364199892968577,0.11805813681836336,0.13628381036435372,0.24995659300791045,0.8797575931654226,-0.12883930872211302,0.45738047419919864,0.04840280368341732,21.523587966517077
114488,Stefan Cooper,BENCH,UP,1,0,38.82524613341888,0.7470496018395671,28,-0.11150355672752266,0.010324148111377475,0.11895693693196177,0.12656613217289087,0.07384757388097274,0.13321746942967924,0.20251076312586258,0.18180908202644647,0.532498465022105,0.24077946752096957,0.18205148801472204,0.07403171798288068,0.8574966955599624,0.12282885110576294,0.40007823423760425,-0.13847973680209663,26.000366391089443
193323,Erik Campbell,DROPPED,DOWN,0,1,19.827963038738623,0.4149773029455431,31,0.0832692767026882,0.05356259551256222,0.3908393498587427,0.11010133699333483,0.03196166576939899,0.002958483209704453,1.1906817450941942,0.09224636629458621,0.499075816379919,0.12717749185751243,0.18917492376140954,0.18255011144058636,0.93969169258004,-0.09296137010438829,0.3306188970199254,-0.03952496778146007,26.72752280523487
32662,David Garcia,BENCH,UP,0,0,33.817078622829456,0.40655235201254164,3,0.2674980737565167,-0.050999374224168004,-0.0500496986908362,-0.16612692809832869,0.097286123596682,0.17719236608559463,1.3150706699939994,0.2225993662717744,0.6460435384347463,0.19341301048597614,0.0965506071207524,0.09901002751952606,0.7680666008318947,0.09637504636791128,0.48593603431824134,0.14370955223750023,44.293695883062306
18392,Trevor Allen,DROPPED,UP,0,0,38.43021466572898,0.31556704144225567,37,0.12280161742372345,-0.014996664025872835,-0.0016617455787277108,-0.015120855968082603,0.0891814133741378,0.1240407139492037,0.6592276580255518,0.22721868706264164,0.3747517743054901,0.13340141186846274,0.08000430063835354,0.10533771531796501,0.6892151970769272,0.013389261332140745,0.4157735601727496,-0.023779031229414965,43.63999070637207
40535,Edward Gomez,BENCH,STAYED,0,0,22.792082247674003,0.6258334126879426,72,0.26162679773391073,0.07779050862622171,0.17708617744883726,-0.04453405022898867,-0.005404071094102382,0.1320283187840573,0.822942796976017,0.08933071699059175,0.3859887455172993,0.14608246255319063,0.1796991864232847,0.11068818474746109,0.8515126577732182,-0.12664304411736912,0.479049560858765,0.0005836215395525202,39.00412748256228
123569,Justin Porter,DROPPED,UP,0,1,30.926849841605218,0.48426317186188056,61,-0.17620207792380985,-0.009826652167341358,0.1269372672909397,-0.024501711790133912,-0.027360177289690098,-0.11391468534406411,-0.06915484878012645,0.19748521715413547,0.2815757611786222,0.18196878125921867,0.1299234646380688,0.16601211711319336,0.8687929401431618,0.13663445743142025,0.35827639198164973,0.12297904744791557,22.249767624575554
62256,Oliver Simpson,DROPPED,STAYED,0,0,38.22525424934888,0.7321791249198185,71,0.1508082472108234,0.1581571080986724,0.15259451489103387,0.029822741769825252,0.04018562952619867,0.19543327824636808,0.6201940111959279,0.10730390978542459,0.427119254617495,0.16257901278468648,0.11562738642655644,0.06534506168611928,0.8225181720376444,-0.07591164990243224,0.27767128243794187,0.06517856275972692,17.04111942275009
99135,Peter Gonzalez,PLAYS,STAYED,0,1,19.712865550301775,0.5366049533457786,35,-0.32411434907149406,-0.011970894849168186,0.1733780695221495,-0.00665086932365528,0.18490201514951873,0.08135006374806272,0.7698772297749532,0.21052806247058592,0.3544194104939392,0.12403384014647595,0.08180564577053356,0.16933803227872946,0.7120453679400189,0.10789360360578196,0.2158480059094166,0.02462103933726706,24.507124131618742
137478,Quentin Robinson,PLAYS,STAYED,0,1,33.64582561218364,0.7840967139573609,53,0.06663218159538992,0.03797477806015087,0.1952082202842655,-0.1875159772450945,-0.09391070756539009,0.005686743290455626,2.372475854617985,0.24944757998072054,0.38735468087105773,0.12564046036312726,0.15564191694660995,0.20351223413441027,0.8013367825008066,-0.09935699826463074,0.41782545544515515,0.08934140440232174,23.003836483014926
45222,Samuel Taylor,DROPPED,DOWN,0,1,25.244329154823568,0.39276275785156056,80,-0.1711722924394369,0.09460726654984719,0.2664549762934335,0.13974923073410406,-0.11675252657524401,0.06720661608107013,0.13281978453550192,0.056005201065878564,0.5838287161022511,0.16272171822441994,0.19916110295963746,0.19498828548989755,0.7436569209707389,0.10618286464255586,0.23639089940166025,0.10930987993679195,30.177774004391814
87373,Samuel Ramirez,DROPPED,DOWN,0,0,38.41232010290714,0.7343115839778054,14,-0.12065898277692996,-0.09346925863464253,0.16147279853927687,-0.07872916308877677,0.04647608412365167,-0.16314822794779837,1.6785063432514624,0.22947317315818638,0.6241938054109983,0.2135924467413251,0.21406843047816232,0.16483523012091217,0.7782399584500067,-0.1460313561284118,0.2908325384815902,-0.01293357847881993,38.33183730203379
133684,Zachary Peterson,STAYED,DOWN,1,0,39.39222314847272,0.6882984263958709,22,0.47082795256313126,-0.12086470495846206,0.06381135180721864,0.07870962369333795,0.0350887701856018,0.0990383373776805,1.3981152640794847,0.17452610671973162,0.32429322880207423,0.23469469702716828,0.15920429308586048,0.30174398242122574,0.8435655727533992,0.003534136970844204,0.35974127236516923,-0.007467490520449371,40.74968816636574
20965,Zachary Stevens,BENCH,STAYED,1,0,38.829596271382115,0.685460922322026,55,0.4273930361782807,-0.10205250516560758,0.2008860551804097,0.2988899203699968,0.04733416643704082,-0.07352458098184858,0.9683818426940819,0.24467652383296423,0.39900357262138636,0.11261914933890743,0.1520245858835852,0.09359800772615123,0.8735644228072503,0.08083277382646703,0.3693249763339243,-0.03418471930444926,40.34592256231525
34538,Walter Rodriguez,STAYED,DOWN,0,0,28.95849854980674,0.7223916140584439,90,0.2827414362721531,0.12100672827417457,0.3849822902342823,-0.060326150990370794,0.05439531979085002,-0.11232043430122411,1.85517229051708,0.14300190350528552,0.6214522248461576,0.15896558613391015,0.09190789396849376,0.2017090231344122,0.7196674072704029,0.13043865524783502,0.38017495909614085,0.14001184200553815,25.790266836692034
118066,Lucas Stevens,PLAYS,DOWN,1,1,37.10289567077558,0.6805119954714994,45,-0.22769382940177366,-0.02414865167139574,0.08010493804261397,-0.25363450272955956,0.007679774536519485,-0.13268310234614694,1.0232632835641178,0.21947758611427476,0.27472338427568904,0.1150368345584315,0.15684219221596396,0.06861242508696629,0.771597608194086,0.12276064086194613,0.2498765991049102,0.05914987628710511,35.617030303820485
123252,Alex Smith,PLAYS,UP,1,1,36.73553736923648,0.6131101608157077,91,0.00507746509155943,0.2246559428534602,-0.046179395700596204,0.015679493374386705,0.17898634386020823,0.18352260499879103,1.0334955174007572,0.06247881371965545,0.2869442112445514,0.10248887209488969,0.13319707105515527,0.07134670366337292,0.7307484712974888,0.09588746086429348,0.31392122144649465,-0.1250330801375783,24.3850259257266
149182,Vincent Wright,PLAYS,DOWN,0,1,25.701109938108367,0.3656224388411938,52,0.46392930999375503,-0.025139807892591088,0.2660621003930459,0.18211515619982854,-0.13009039784765156,-0.025511607243134643,0.7681276081894728,0.11705581001565915,0.3151163956824917,0.1992578023965935,0.1649989393237008,0.2221597549031289,0.7095894841585607,0.11645740489839121,0.38515826813509,0.10888788699390553,16.82716629705548
168338,Gregory Tucker,PLAYS,DOWN,0,0,36.407224957164225,0.31626308974562595,31,0.14251507409197142,0.034764104255762956,0.08194282540696027,0.2850016945064713,-0.052849702478024604,0.2340473251899799,1.5341413294511765,0.063403307550242,0.4880851336507499,0.19036741629498816,0.13442168870271654,0.2198055274663463,0.8850161659987514,-0.09023409424887704,0.4909456593901354,-0.005832017749119567,36.046957968088265
194064,William Harris,DROPPED,STAYED,0,1,19.777160329025346,0.7604239239078434,59,0.7957988619945082,0.14336879620543005,-0.22590043190210543,-0.09754595133429002,0.01967452398509526,-0.014296175566275729,1.4578815402865302,0.24506862669581414,0.310188908402399,0.12445286707223294,0.11364187728305135,0.3134100538533371,0.9227758083310977,-0.06474471128648136,0.4182893413099066,-0.12937382807325376,15.294826577093636
108806,Oliver Reed,PLAYS,STAYED,1,0,31.521667448123114,0.608325157260369,41,0.21799535181831156,0.18048743105272982,0.22711325157256324,0.10960390678838261,-0.13431888111541673,-0.15488295491115361,0.4245936275022726,0.21339478145436735,0.6372305525802935,0.13507192496395962,0.09329513853197272,0.21736210269802198,0.761069655705373,-0.06330944252368244,0.4767811271281873,0.014915176548993325,27.275477623754657
147982,Alex Thomas,DROPPED,STAYED,1,1,23.830185583041764,0.6982686454880882,97,0.15761473494700948,0.18492028613091183,0.019700772106911596,-0.005837254813606398,0.012414559556792881,-0.0839829327938391,0.008451683240739638,0.2205094842491941,0.4286858109034082,0.10355616304667777,0.1240885822424454,0.33793730612145506,0.8753836773121301,-0.03688382069949035,0.4286636174942531,-0.024850716307289383,24.881378079062273
120989,Nicholas Jones,DROPPED,STAYED,0,0,21.531904601322854,0.540761175756275,58,0.007265060739249596,0.1166692984474514,0.0864200076543759,0.03728619748350372,0.19614701657280184,0.19829739440083266,0.6782116175626058,0.23759304628677885,0.45060718414006656,0.22524208085416056,0.09353027680028532,0.06460845451997893,0.9190985868093233,-0.032003798884443393,0.37751509066772015,0.11332482145878744,35.801326155565576
100982,Victor Lewis,PLAYS,STAYED,0,0,20.61601723421339,0.3586540944811972,45,0.1400622714346847,0.101925002064917,0.14979704958535217,0.3673212016420441,0.03208864882959618,0.0312922186475999,0.31997686136141223,0.06702069722395708,0.3486634463221626,0.2462035894072827,0.10476557311535775,0.07940230543422232,0.9038372631590694,0.01336659739640264,0.25760701074090336,-0.08880161891718379,37.98736418281137
131626,Chris Lopez,PLAYS,STAYED,0,1,33.622064293440936,0.3625928961012752,52,0.054259049085836834,0.06740215593609465,0.12857495196685997,-0.13035643940741837,0.053070090571868345,-0.015794475578872105,0.761885255230787,0.12711951850266667,0.4383841009738934,0.12031893051920363,0.21822706220113647,0.06321975847111443,0.7048440165617678,-0.10203607099006759,0.4000056955677539,0.09793938284765488,24.122839079138515
129176,Zachary Thomas,BENCH,DOWN,1,1,26.13737423912939,0.6427826436144857,25,0.31243260300657716,0.08226888609333102,0.20641777257085592,0.08044875937934881,-0.09601647651725803,0.06920218710233453,1.5424628808104837,0.06420697780880043,0.5147654530548047,0.13472128206479472,0.1421744979669266,0.10558305510006201,0.9368875644540083,0.0573739991357968,0.38701386978797214,0.017306607355635828,39.348810433345605
141278,Liam Perez,STAYED,STAYED,1,1,34.22010220210399,0.5151529474497314,46,0.38701069503837526,-0.024094857306282674,0.0346770444145235,0.10612318061185198,-0.03163614080394775,0.1102139283401054,0.5256190069479261,0.09215862031000573,0.5504708547816171,0.2302614285920401,0.15446204731070234,0.2123810332825034,0.7630029321288387,-0.09973003820864805,0.38074075113718,-0.13361690903595927,23.81750281514801
132409,Daniel Wilson,PLAYS,STAYED,1,1,20.37248315677779,0.40026236335016835,40,-0.13579683815238483,-0.04545591067378457,0.17696586972641243,0.18029435899272167,-0.007519638032393701,0.1840878579082953,0.7743059712130551,0.09587315540753448,0.5515472330839652,0.23896956969342772,0.20230659402321016,0.2436716544282284,0.7517721983521509,-0.05690745536863574,0.3469357603964722,0.1415535903976454,28.389790799596838
33419,Brian Jones,BENCH,UP,1,0,25.621097094442817,0.5457972733707184,86,-0.2993698860673334,0.019730043407123837,0.061067998362412425,0.06175797841650746,-0.0017715096756234089,0.22381990758715115,0.8348136408850372,0.14382144220951576,0.48115644507763533,0.16294410742102156,0.2193796460686963,0.06367554738460064,0.6687293981833341,0.0010035391818462025,0.3585969811967827,0.0037845732309599867,36.81055581042402
191708,Vincent Freeman,BENCH,DOWN,0,1,30.329317139882082,0.33210446853756703,25,-0.45086161193098895,0.006385230198005725,0.21082157213312547,0.08696606474049229,0.15816437950037687,0.006827762505309719,1.309058529323171,0.10371243349072852,0.6117439099975429,0.10759337084036112,0.1615800229082554,0.3337912669536798,0.7958520962314649,0.08893216845704319,0.30033275813543125,-0.06273694373052525,35.78760687674365
60015,Edward Bell,STAYED,DOWN,0,1,35.60518646161823,0.5909857009571994,47,0.2523973980737631,-0.016258243946182017,0.19230512260195803,0.003002171909385072,0.08576910607251245,-0.10912572232984459,-0.5481336003907631,0.07019562136355223,0.5769631389224438,0.10590877505392292,0.19374633494618404,0.3026496129951143,0.6827040846922786,0.07184076997161817,0.355793807792691,-0.009177947403222586,44.621054169366005
132096,Erik Lopez,DROPPED,DOWN,0,1,25.69380256157347,0.4344967022175488,54,-0.23100998185216207,0.07571099579653723,-0.040315805306689295,0.08229523294941288,-0.0811457956937032,0.0003841806652068805,0.435979823140822,0.08349821781882155,0.5528192458794502,0.18609247991035155,0.12577174340713454,0.13898374464712793,0.7245619462782278,0.04366030692315667,0.2592667717035435,0.10735733505524667,21.754830726477955
117059,Peter Sanchez,PLAYS,STAYED,0,0,32.143718905177195,0.6987795503185941,82,-0.5458671778857449,0.09642441668564086,0.26289731742625483,0.008816926940310742,0.054650477843200485,0.08123366078994634,0.9267702153676837,0.07945511271041819,0.27224220867218424,0.15893426633397686,0.12280415404262077,0.07315625906794039,0.7450827865301844,-0.10326802182594895,0.441552319208113,-0.05852906268448095,34.869537406187476
195340,Zachary Murray,STAYED,STAYED,1,0,37.60553271295993,0.45518097946178687,52,0.21657358135928922,0.02707255090334779,0.01960548323289281,0.1245886267827261,0.07982217484967852,-0.0656510711452733,1.5200473738561167,0.24461535958245967,0.25275118488785975,0.10429786413664818,0.13637852093923844,0.10096612196571719,0.8926478970475051,0.01411360368467332,0.25573308640961234,-0.09219708105398991,33.29045724827332
120687,Ulrich Campbell,PLAYS,STAYED,1,1,31.933126951828395,0.5276100745409006,10,0.8478998552298371,0.13820240648442095,0.22120866974217177,0.0056467596747639265,0.14401490385212665,-0.06485810978740514,0.504858531496277,0.2018585013836947,0.3349789108781892,0.18748785884688351,0.17415101677431089,0.08808332412649181,0.912646595118769,-0.12376604946003436,0.22548988696683994,-0.11127862592073556,42.4529536347009
97939,Klaus King,BENCH,UP,0,0,23.89214896982631,0.3058102699540503,87,0.098178726538032,-0.07133512913068041,0.1550930970102011,0.09525204726826238,0.18805406865683735,0.09125454578598625,-0.3259316236251244,0.2435522930539124,0.5154094375653809,0.10169538048835337,0.17550683649571386,0.08698513378968406,0.7407398952384409,-0.03679104696100477,0.3308738079071472,-0.060642180482936625,19.69086424934625
159213,Edward Peterson,BENCH,STAYED,0,1,19.512416412687298,0.33622344389727943,3,0.35154723233549257,0.004507243257622551,0.3757275515192684,0.0464884623578026,-0.07150941918278687,0.04416171781154586,1.1718268675796817,0.1379480973015817,0.41447899555301837,0.21810579372239094,0.12413352085092312,0.2055685065997202,0.9076094363733722,-0.02594504091301225,0.3974922318518186,0.08401442611201304,37.553944907607985
115878,Walter Martinez,DROPPED,UP,1,0,37.27207635191952,0.4962467782033424,10,0.1245488075642695,-0.0373457856482244,0.06648010264422219,0.18512603009266015,-0.051085751121033834,0.053935639449390387,0.41878256670462244,0.10567369633253132,0.4109625037197247,0.14596492340550574,0.09864938937912802,0.12375423274802008,0.9071692812109373,-0.13805656816627385,0.3313150474800624,-0.008512090441421483,32.04805848806305
197116,Erik Torres,BENCH,DOWN,0,0,19.44665762785813,0.5399694173585617,31,0.0703331040426572,-0.1293229293658448,0.04760248058227038,0.04383275316938166,-0.09575778589146164,-0.041019440164008325,0.08620000454578325,0.20965863944183732,0.6038347552918455,0.10603870045138482,0.1685354759051712,0.15744191495874332,0.879395285115462,-0.06780357015900845,0.2830262395853926,-0.08175551889193801,23.23997609363716
174899,Isaac Simpson,BENCH,STAYED,1,0,37.368735126368186,0.6000102740596518,98,0.3757229448963305,0.01338554513258406,0.09708705911684011,-0.16276389618482578,0.00659801408930186,0.022351914295307924,0.4253927661720656,0.11525078360822937,0.6082251392527356,0.188252833147473,0.09796562070642703,0.3468516000152967,0.6940085342045544,0.1366948401799468,0.36745135516713223,-0.10014450011707524,29.233047424415222
196892,Felix Martinez,STAYED,UP,0,0,30.10767981457145,0.4458312893546516,7,0.012917636743404612,0.010260199329337317,0.054523032574858694,0.201430580085679,0.07663583744463345,-0.06090797731219652,0.6892847854064903,0.10987667474106966,0.6136701056214343,0.15965266216495821,0.1609889511521062,0.2552942746776034,0.8570968540702186,0.13608978234890687,0.30410070062366,-0.05018115704688626,25.013297912093932
72623,Samuel Allen,PLAYS,UP,0,1,38.72042166877082,0.6474909430632713,88,0.18021769422157088,0.14107597945937048,0.21999128529130751,-0.05868787610351427,0.1287334516589102,0.15682380933497442,0.4371532012770724,0.09650119844156624,0.3755512306060109,0.24607006200357243,0.1770790979278833,0.3346942001141004,0.9335072193741706,-0.04430188372423821,0.47986030703798993,0.13197731186571263,32.37940208365383
85450,Alex Jones,PLAYS,STAYED,0,1,35.77444795124697,0.7300611985946023,49,0.1965093418588041,0.0704649347643822,-0.14244659126548817,-0.028451960637858376,0.022404897635747722,0.1742299201668503,-0.5233396342594414,0.07593579564484708,0.5264223250957047,0.18162979937555535,0.17808560949522323,0.09276696650993468,0.8547621436301471,-0.13706996731550278,0.47679354188107165,-0.04709198622299268,41.67001832443998
103426,Trevor Brown,STAYED,DOWN,0,1,39.95661632120009,0.6899254944466748,36,-0.10042713609291462,-0.06193494594633639,-0.05805236287195309,-0.02147935528521905,-0.0019847523254843957,-0.17154254346857123,1.3382397181322794,0.1012926122033532,0.3586532725097479,0.14128587715555124,0.18548609549234357,0.16464184244977076,0.7494850547323502,-0.09627151820154553,0.3507115459916287,0.14643722278639063,32.07914953236606
127845,Peter White,DROPPED,DOWN,0,0,26.364948124485913,0.31980941267417856,67,0.3976127048609568,0.16832740530673507,-0.060170438236878954,0.21493257118049808,0.04517579922487404,-0.06154130322308919,1.5649250247672333,0.12106394969477755,0.3262439332297799,0.2064158296950962,0.20220031901919305,0.21641954098470628,0.8001737952292494,-0.032334661969937964,0.2983651982054776,-0.004430863270393159,33.95167254979752
163371,Peter Porter,PLAYS,DOWN,0,1,35.11095406755366,0.5402534736289144,57,0.04751207299137741,0.11768269564202824,0.24254613879603637,-0.20628090567744345,-0.05351429016300231,-0.12958351061080947,1.1909131948037035,0.18479884162914612,0.3238529829389477,0.1407238003814067,0.1499942588750704,0.0730274185666214,0.843717513005316,0.13433390939076892,0.42113972418699175,-0.09625082451295473,30.562435413441285
53585,Ben Freeman,BENCH,UP,0,1,27.440549185794083,0.3524650892090874,92,-0.1267235478478534,0.06656781627748927,0.3565920058872888,0.4265298240391992,0.23895387216947736,-0.02800287212882778,0.11738859774511012,0.06251296844389032,0.3868430483454376,0.23563649371113476,0.18223488653414,0.051256233088387365,0.8031711226185511,-0.10764028093884452,0.21101388304492,0.11734202753805281,16.53496519336428
119225,Brian Allen,PLAYS,UP,1,1,29.077388026382085,0.4210225079312637,45,0.2609529530711211,0.0018812720920134453,0.08433261721937928,0.1767268170879262,-0.1307661027118059,0.0399874436251567,0.6791050796314893,0.0921013879330686,0.4219830479119287,0.15620829557610647,0.16668418295121715,0.2511303001390753,0.6859858825192909,0.07905475310046367,0.3424307018130954,-0.011893388059551924,21.985756706282828
74044,Adam Martin,BENCH,UP,1,0,32.17761472758577,0.7933312966335733,76,-0.16954039453731115,-0.05675513893787838,0.07467674152149842,0.07678866969549916,0.048474057889572444,-0.1239574263638236,0.7960872108623253,0.21180472805833528,0.5823796684220274,0.18248028441643077,0.10612959157167556,0.24254585504043058,0.7436192133956062,-0.11739523818759237,0.30089701828110005,0.06290140305135733,29.760051882962482
183629,Xavier Lopez,DROPPED,UP,1,0,37.347219397913115,0.3712477714507566,32,0.10845434721073847,-0.00977654208568424,0.11050782446697721,0.04341271992604564,0.23236062192296394,-0.06062317757503757,1.159276633737146,0.07938438471675416,0.29795643738908484,0.10758596557363434,0.08359655028171714,0.1732366429998835,0.8907188091660897,0.14437727321738306,0.4761607655307664,0.14511347496274554,24.307058512341143
190152,Justin King,STAYED,DOWN,1,0,39.6657528531852,0.5494440767256781,84,0.09726430100673894,0.10709988957633489,0.27428174539122857,0.08426648898291883,0.030679984455999777,-0.07047488464977981,1.2010042932308485,0.11852902930450432,0.5439703389579578,0.16391818569283462,0.11983579399477073,0.1968932228096098,0.9084254138286552,-0.03551505026725951,0.20360090818180476,-0.13494739490400778,20.452907932835828
119556,Harrison Webb,PLAYS,STAYED,1,1,35.13374169115488,0.6090778671590595,19,0.42576866974947347,0.17076690447476872,-0.0391029701285861,0.1125346914055206,0.01099609649985055,0.07487207952787328,0.3594957207329026,0.22293178437162803,0.4625819656757222,0.22485453094914926,0.14202471888726673,0.1746329001776269,0.691190009814671,0.08257036166971679,0.36584446271550475,-0.12099163206372986,30.12398525755315
12693,Raymond Peterson,STAYED,UP,0,1,27.77310242551401,0.6512324852720519,28,0.24240946986398584,0.14345948226177513,0.13575534741021777,0.12742587031400684,-0.005744542281042722,0.05832132044435005,0.8491973338481363,0.08098506222868854,0.365178137070397,0.22084732080450128,0.1663948322200119,0.05720151345346666,0.9357160257196173,-0.047222675156660454,0.4221990743199878,0.06613702243882685,24.68429380343551
105259,Lucas Williams,PLAYS,UP,0,1,27.848497047818476,0.579824341743457,10,0.09249191237645683,-0.019107953742901928,0.24627964446736447,0.11667253592041382,0.011960831823759215,-0.03660850640047039,1.0743682427691448,0.06654736712363798,0.4471278338131298,0.13364778382802894,0.19899430627044878,0.15061148186523873,0.7486467853545828,0.038300663147642605,0.3455053962572124,-0.0654524990113584,22.74322929520244
35939,Alex King,BENCH,DOWN,1,0,34.489228333366725,0.3048854237095918,49,0.34532988976008616,-0.0695693946631209,0.1751641254909768,0.060749681750629864,0.16728484746765301,0.07121850465672776,1.67349339328806,0.14690759901600217,0.36997682791080905,0.1339118606515844,0.1074744003388632,0.10312467661918695,0.848694121619216,-0.09239517457798899,0.22562090904881651,-0.09470958091497028,28.919562523211425
189997,Oliver Martinez,STAYED,STAYED,0,0,24.01432006113435,0.46323065412199593,78,0.517062264705194,0.03127089975289632,0.1284372424898115,0.02631938956312087,-0.19118619113295068,-0.015601610150471831,1.2227039238948338,0.11048390225570728,0.48843278209532237,0.22259579683198552,0.09757697058578679,0.07952725673041063,0.8755475437870043,-0.10619369421091124,0.4917384170083707,-0.13819143605408116,18.998527742465193
184013,Raymond Cooper,PLAYS,STAYED,1,1,21.31995637575929,0.5588558216923557,93,0.26734309190555866,-0.12147514924502813,0.25015691388507116,0.0318472059615786,0.18334337012963256,0.017401386760873612,1.2734340124253114,0.16268167289677082,0.4235375691420977,0.23955976302539883,0.21488719264640588,0.33701613016680493,0.893583870391365,0.13141924187043938,0.35540312941282937,-0.14344598640413944,42.83237199226222
162906,Daniel Gonzalez,BENCH,DOWN,1,0,26.447065310456306,0.34393324957241667,74,0.10310578595301419,0.04585341713478252,-0.3054848439498855,0.026611006357678282,-0.11239571524501452,0.2508142508358244,0.8502959767576166,0.21076097809669503,0.3157622116315515,0.11430413819095053,0.095126238312697,0.22980791751264967,0.933724910667779,0.12529418337133005,0.38425587329570343,0.08234568093593725,41.031062937577175
28047,Lucas Young,STAYED,DOWN,0,0,25.032018824735715,0.47531346560459037,91,-0.29355086970504785,0.008191793096106506,0.20168129792963613,0.18605241162404773,0.003334767076558519,0.21085532621484177,1.6462754871221024,0.07742969763054863,0.2966332298222787,0.1675087959139338,0.14698874981500648,0.2685968852709808,0.7438758644086467,0.1162406820638647,0.2709829348122522,-0.109669971789135,36.22861757221606
36105,Ulysses Johnson,STAYED,STAYED,0,0,25.22247052957579,0.31660155439568327,48,-0.21953409892261175,-0.01728292014945938,0.0018886475308864392,0.12122680667370342,-0.012924442029866187,-0.1059497484313117,1.0458576775756985,0.166139816910857,0.4686782728288521,0.15061814184463435,0.1619789220310623,0.14460912297983525,0.9075519363654663,0.03763003504997803,0.34504942553204115,-0.009683815208654745,18.186414827653685
85766,Justin Thompson,PLAYS,UP,0,0,23.905762772048107,0.33928924857751036,70,0.00843258869359971,-0.10757624538134362,-0.1745949345284685,-0.30284663615971363,0.08885532697707198,0.14956789014550093,0.2833472538958578,0.15110175207797277,0.6109652133144414,0.2306032683186159,0.15579241892704138,0.16794413884820455,0.6895060710308621,0.09248046336488347,0.32874484758749656,0.03176904455384491,38.27631763409079
156779,Quinn Sanchez,PLAYS,STAYED,1,1,19.8839569823636,0.498461638100798,35,-0.08285366064778493,0.06108800852557733,0.17668038992874713,0.12870809318357132,-0.12981243518837476,0.14736758653899107,1.6420219820751143,0.07881575720263992,0.38758307462307423,0.11252873720200282,0.09204450198461205,0.12107719816901705,0.8615122719060778,-0.12928891892658753,0.22246875260059512,-0.021494459829346113,39.23871984327057
163048,Henry Lewis,PLAYS,DOWN,0,0,19.37535262940169,0.36635787702153016,3,0.043908609104366204,-0.02261606717295291,0.30604878177444367,0.07336834336625297,0.07621726660819428,-0.08779159465031418,1.2187419635234167,0.1747996971057965,0.5432000428890493,0.1316688913837056,0.08798376796050672,0.07908970128962742,0.8725933188541958,-0.049563287432796255,0.23184810606424017,-0.14186800429913007,38.03293853143013
54262,Zachary Martinez,BENCH,UP,1,0,39.74217018445666,0.5837704241307791,21,0.11699497746913215,-0.07359334685682305,0.07938272280584623,0.047754949226492316,0.23243096232868526,0.14825331725058327,0.5341735873229108,0.10472808357215434,0.5134645419759067,0.21287025063797416,0.094767679844545,0.10370949123247514,0.8533169723603962,-0.05588906257285313,0.45124175588563237,0.08505045077637266,18.418976613577236
135117,Zachary Wright,PLAYS,UP,1,0,27.98323580845311,0.6447324845686329,33,0.25890782630701925,-0.20978097706253196,0.24293118208044082,0.0033777856293337044,-0.10631740045928106,0.23455183020950632,0.512304219560454,0.1475668637088025,0.6226219657237924,0.10769407734718234,0.16198227574216575,0.28925421358894576,0.7256944208405459,0.040693596585783975,0.2719459856619771,-0.14684603263750395,34.317238712032946
33776,Patrick Miller,STAYED,DOWN,1,0,27.070859590353315,0.7002933495545414,82,0.07885036658227264,0.0177988075959491,0.3418417386982968,0.18489352639832163,0.048970616761039566,-0.08470537674932967,0.9779453270844571,0.06645446485541238,0.5783924069196564,0.1738803071071434,0.15620828426880495,0.25326374155513276,0.911912944104561,-0.04321266795880785,0.25848748144958916,0.0785669683132452,40.02974387248196
171152,David Stevens,STAYED,DOWN,0,1,33.27259293655447,0.40007512212240504,16,0.24595049314786058,0.16178012773357953,0.29723716803760714,0.16370317545474294,-0.03619821777966091,-0.06010033852171162,1.0779108771605508,0.1419168114427246,0.47664210356218517,0.16631605520195802,0.1127237108851442,0.21407866279564308,0.7006575390111185,-0.10544796550689575,0.3514734353750418,0.11799134813643683,32.32060203659003
138376,Trevor Hernandez,PLAYS,DOWN,0,1,23.583331645166346,0.38374129112953487,55,0.11934232444303608,0.1529007371638296,0.34599467940570894,-0.04274532013883309,0.07258872061930358,0.1721193760212203,0.9183753593787239,0.11129269360856407,0.512812199293643,0.1501601768483123,0.16928837985838283,0.19252696186003043,0.6660904374562493,0.02894012262406312,0.4306241394087539,-0.02014802368284832,34.392221256842674
147848,Daniel Torres,PLAYS,STAYED,1,0,38.94918486295473,0.3522839201672001,50,-0.49263996990616143,-0.016567700526901746,0.21131912366078384,0.0988462744549442,0.0319147777415752,0.08257943729907777,0.986785204065731,0.2144762422370709,0.609354586633614,0.15918584729783858,0.19480945028779093,0.3267302850968373,0.8652394971835736,0.09431517620072444,0.2185839555736964,0.01066274192933947,28.750904382789187
102787,Yannick Lee,DROPPED,STAYED,0,0,35.51324530272659,0.6182151247718184,71,-0.18180061814562629,-0.028176964828942445,0.11131504583523892,-0.06659880814495431,-0.03414869090443097,0.11617715302874279,1.8199744247458283,0.06139574539947366,0.40980751383477393,0.17949108803953495,0.08582105437852312,0.07182048433360053,0.79264271456982,-0.03536295166200805,0.37304237589147676,-0.00690498221470387,30.86121959652158
137948,Klaus Martinez,STAYED,UP,0,0,20.87763104855745,0.6532378632434506,92,0.056773733283515364,0.05750194048600191,-0.14029487178457525,-0.11555417977467165,0.0787872284871074,0.09087070596805961,1.4429258913409315,0.133721454983666,0.380717882343111,0.12420510375825747,0.14973819209672595,0.1341802439713748,0.9047294059876028,-0.11031938547045549,0.235763132852172,-0.03323741441296836,16.031305750551756
65016,Liam Rodriguez,BENCH,DOWN,0,0,27.769196291483496,0.315793072412821,64,-0.2629084228523323,-0.05987083513506332,0.06309062678050772,-0.025206066950795816,0.2104348109786743,0.09688351051137731,0.9143813547590146,0.1416862848262876,0.2543244334540785,0.1857993817425389,0.17650345769437664,0.15498135607121422,0.7650191423174777,-0.09099354080615307,0.21093831524768555,0.11622736061110808,34.16889065919854
150546,Xavier Scott,DROPPED,UP,1,0,37.46148445880546,0.7681061231218449,94,0.27997861899886134,0.04414335198555728,-0.026486989297428737,0.15348721668593104,0.01090962082727013,-0.10917665539732994,1.3647863484604899,0.19500121525982378,0.5806204296765858,0.22081484939499796,0.1153236697897562,0.28472774366383635,0.7004835765523139,-0.0787550084491848,0.21582318564866523,0.11818005320099714,17.443416386734775
199125,Justin Murray,PLAYS,UP,1,0,38.83937246811962,0.3259856418257362,68,0.5592252497031092,0.08128642227077522,0.42564140762467206,0.1643750054451304,0.10197579421481819,0.1756781247945738,0.18048565788347637,0.1648575150180422,0.5703922801613459,0.21402413946852386,0.12308792674104088,0.3477543860485914,0.9009326577409609,-0.060030722101639136,0.4502492324625324,-0.049255090607539645,28.050437830206704
31959,Klaus Moore,PLAYS,UP,0,1,28.815431736247263,0.5706481676505353,66,0.465628555509195,0.11815465791074461,0.0736171281351495,0.11157025041167515,-0.09932729578711638,0.19035079909133285,1.0387562299680855,0.18344246743883624,0.29178180724006053,0.12308498570406606,0.16590930641851376,0.12220115442714592,0.8146728894920214,0.04283852115189274,0.23539174508841848,0.034520926204409386,23.779652930022234
146602,Nicholas Allen,STAYED,UP,1,0,31.881639173424862,0.6545302597254582,72,0.03596713872093761,0.011987673881603779,0.11848072101767286,0.13701149442175964,-0.06564363768180088,0.022473110711836674,1.885583809839866,0.20540985713035126,0.4807429524530801,0.12238742046122109,0.20571094108212318,0.31229220024112414,0.7067587377171065,0.030283645361315698,0.2135454093236876,0.12807226864375923,31.36283850635139
129101,Xavier Thompson,PLAYS,DOWN,0,1,22.50771286793358,0.7354845618730428,65,0.5472178410549856,0.0037060999858427313,0.18272280640607014,0.111941394453795,0.07724062778803774,0.04478276602233651,0.6691724627645758,0.22244059473163774,0.43559267926675493,0.140226155161737,0.1933894188424059,0.2991868281295374,0.8661151995759337,0.05882395847011174,0.33136996614287373,0.13861754968240544,19.002490065696215
13748,Gregory Peterson,BENCH,UP,0,1,39.81454114887651,0.6570434660662139,75,0.14460023716063347,-0.050238606940524885,0.10654036695586806,-0.026977791426754258,0.1784116028535965,-0.13373290030668666,0.29141964282854915,0.1127750993444941,0.2974836382036446,0.1541612089511556,0.1616382306739417,0.11739721929252998,0.8033340915468501,-0.04124940464054605,0.45319804158260746,0.0026877121266142556,35.74930205919955
23545,Lucas Freeman,STAYED,DOWN,0,0,23.86510572905231,0.7008640415348959,35,-0.0011257913354117965,-0.0461504283231888,0.3542576560646129,0.10183070536087288,0.065561334878566,0.11171057072214019,0.40874666684416366,0.1576045410727806,0.6422272908242894,0.1612683372112724,0.1822310404860149,0.16979977405976676,0.8312938946720959,0.09719929556399348,0.27872251294679057,-0.014152558414701977,38.85034610785411
137659,Martin Thompson,PLAYS,DOWN,0,1,38.79736725683764,0.469725096271403,43,-0.08402079906228191,0.0018816886478778584,0.006602595739832212,0.14604914302732186,-0.001305803052315438,0.1186468930056973,0.14622017759456707,0.21802161568784,0.3358783549853422,0.2019545825250018,0.13107514582909183,0.1729018607877557,0.7882695014619745,-0.08877370165327192,0.3265137852577749,-0.06639170522144226,19.900633492294695
175838,Yannick Scott,STAYED,STAYED,1,1,32.64257962883974,0.7074125568732561,91,0.009259094053561512,0.04938924054529425,0.1291911182855864,0.1405149595776289,0.029929140542335406,0.042537077960082686,0.32914285512337804,0.24789022619301132,0.27689367203622445,0.10850206482487532,0.1697351739338261,0.34346620055796745,0.8986126951454019,-0.009287775744553806,0.2119767597691254,0.137661561957123,18.129392620556466
83530,Patrick Robinson,PLAYS,DOWN,1,1,31.762472692456043,0.34005742319233756,50,-0.016453045562368623,0.09308677009865995,-0.011370587854707223,0.19266960457695714,-0.09504077339697176,0.1849224031844603,0.5776951408459827,0.22790386220875264,0.48793895180076385,0.10520090563390996,0.14526542275785798,0.10426757041366949,0.8988688147049149,0.09028161646242908,0.33472355424046274,-0.10715570865813978,19.365464483620777
103557,Quinn Freeman,PLAYS,STAYED,1,1,29.76645873134668,0.7474083280302638,15,0.1511248667126463,-0.04425431605442759,-0.09800337668310585,0.13499646166412765,0.09045153263553668,0.009910732282407145,-0.043340211507185145,0.12429345252487536,0.5455466708532131,0.15878658444158636,0.10659105910405853,0.2897473913314346,0.8628166465473158,-0.09595240568021422,0.3732839241911401,0.023948872814317512,41.31382685695505
71087,Thomas Murray,PLAYS,DOWN,0,1,23.844066046072932,0.573796188076868,75,0.14817219431495937,0.13941508551676174,0.008234636364207196,0.09217378490498995,0.11823330623234092,0.11775271110723202,0.8093710003697618,0.08903330344373009,0.2629773784188748,0.20457455382069706,0.17824335834281602,0.15025781425193296,0.6816204132189387,-0.11704106587776511,0.3712721161256435,-0.06523491974440833,30.845677852690685
78840,Yannick Perez,BENCH,DOWN,0,1,22.707088672115674,0.7086488849812469,79,0.10091380604602435,-0.0016898880834055018,0.0944444804427382,0.1784180285979713,-0.01520903328330804,-0.07235972064305386,1.3413663042719883,0.14787850748131776,0.5134870554908089,0.1290153014434724,0.15790504922883508,0.2692611037328481,0.9016561585712206,0.1151051903063969,0.29972800765230956,-0.066297512895661,29.01782988022508
128451,Martin Jackson,BENCH,DOWN,0,0,23.63021039047368,0.5261591422591501,33,0.23108145092390495,0.018290616452125107,0.03560466632241101,0.046817448890112794,-0.017004214775950155,0.04717374189509143,0.2553462919118479,0.19832829036720845,0.4629167503805818,0.19622567218843776,0.1302070214735028,0.17600330128869884,0.851303894159873,-0.047121101172241234,0.29465995419894064,-0.028509423787143467,18.201354573070628
195456,Klaus Lopez,STAYED,STAYED,1,1,22.915203505029346,0.6217888475982625,77,0.4571938824359024,-0.03977693433182587,-0.003863146981078383,-0.05582495814732613,0.05658782296520485,0.029077489051659702,1.7115703541850613,0.1485138141506595,0.29130600355001934,0.13897422069104493,0.20758748661100834,0.22350792893496202,0.8591072498012898,0.05516103747270959,0.23198708568097937,0.14963788074469633,34.486680202708854
61005,Patrick Jackson,PLAYS,STAYED,0,1,35.371273944901816,0.5632013304680565,70,0.38486624063239716,-0.17393922082183536,-0.11094761955077506,0.03043196432674834,-0.013671973604059556,0.07703695064491299,1.106475253116557,0.1466361726627337,0.3190095507785448,0.23291291632202746,0.08293077649574265,0.2997835319978393,0.7588948521211615,-0.14239541872081846,0.3100394961938805,-0.13351010794805337,41.039987756852696
187648,Lucas Rodriguez,PLAYS,UP,1,1,26.352630442501333,0.665794760877666,6,-0.34546939053497105,0.09072363170888398,0.0875341641056958,-0.03938831737677388,0.023386738537417753,0.005656768539996977,1.4183483513744344,0.21764608421636011,0.47718971892643225,0.23435349163999247,0.12420824117492946,0.29124966949516523,0.913783866847102,0.05701406652283489,0.2298484006618894,0.02356254546105943,39.84557607970359
49353,George Ramirez,BENCH,STAYED,1,0,20.214696207831324,0.3408149910152948,21,-0.6661763404705865,0.07894751176739467,-0.12570805610465033,-0.031021392996925773,0.23997217891665154,0.03422328851939987,0.4052992676887178,0.12228075581343728,0.36854304540531535,0.14459308064219897,0.08796339568887052,0.30992695506191004,0.8676114800704572,-0.05516960653590884,0.4299787834136155,-0.12522835258941684,33.78164126942404
62733,Nathan Young,PLAYS,STAYED,1,1,39.35115523295704,0.3301760419952819,72,0.3802959733717821,-0.0025062045694570698,0.2140083945534404,0.032657759514137866,0.005297429925400332,0.14912566057298077,1.3127151362399694,0.22195893496232916,0.6253262914605264,0.1344990630944861,0.18731382427102783,0.0678851976033977,0.6837771399587583,-0.13327774392376748,0.48988228932445577,-0.10364375100284431,17.258361499550208
75318,Samuel Gomez,BENCH,STAYED,1,0,37.55950358423194,0.4235516170050732,84,-0.3100636095246263,0.025359257377989754,0.11236596294017549,-0.045090390519995346,-0.005834015202122227,-0.002411708468586092,0.1448396597628122,0.1313609601903447,0.5774960917936203,0.1616955958099347,0.17829504357593096,0.25761516591192346,0.7723334103218488,0.03294382846443511,0.4910223370000121,-0.018131117468130398,18.371910815280387
164736,Peter Stevens,PLAYS,STAYED,1,1,38.48279794709947,0.37977234005659416,15,0.03257037943219494,0.06127513741632795,-0.11863272491973959,0.013044616443315171,-0.034754180563515924,-0.14278925208864152,1.3341485005019051,0.11564662113566788,0.6434268826054652,0.1360797377770223,0.1263893106230844,0.09199621301652885,0.9159141085880425,-0.07775885517804802,0.4595213298126182,0.0031380394039323967,16.47926961329474
77172,Erik Scott,STAYED,UP,1,0,39.89306427557514,0.7358917832961008,25,-0.2510339078178079,-0.10500366855092343,0.05361863844252049,-0.1772337600344543,0.10441919714999368,0.25995006850465047,0.9031036038761188,0.1407979822399398,0.3538683355801656,0.20085757649375555,0.17459280630899024,0.1747455704055233,0.6641590105092137,-0.03395782738443601,0.3802376448018857,-0.07236227749064279,22.724376494774077
103264,Lucas Harris,PLAYS,STAYED,0,0,22.651800233609233,0.40960699367902215,85,-0.44059413127400593,-0.022324214187703587,-0.012823460838587458,0.07559524488475264,0.0118775826781897,0.21577448944285837,1.1319507319908702,0.2024893917349737,0.6378894531191908,0.22390970268224283,0.135431211667433,0.21457652451640652,0.9384249858926148,-0.1258257563140459,0.410259709173164,-0.05506286073767515,19.06984401481133
36736,Ulrich Torres,PLAYS,DOWN,0,1,27.321082396955834,0.7879326279095656,77,0.2624388184614364,0.08354117436974617,0.14787617656287708,0.05014465704346691,-0.03493730383214261,-0.10507152341267424,0.09464323662508911,0.07520040557279886,0.4224935479166232,0.20096381963668256,0.18587553079914082,0.1708218454240492,0.8537487704958688,-0.1058510246715164,0.2855617408041242,-0.12390989392322008,22.801441207573017
122859,Walter Thomas,DROPPED,DOWN,1,1,34.923007989785916,0.4684478958855534,3,0.32774654809079407,-0.08034315385353995,0.3010675669034717,-0.04805063572818287,0.1621304032273012,0.13276493662942332,0.2629580946340373,0.08928384317440348,0.3890075181255018,0.22365256708740242,0.14358571278313886,0.20588350274090222,0.839412793293013,-0.060606829351246866,0.3892311260517862,-0.05903406484672484,26.55174167156885
122181,Nicholas Reed,BENCH,STAYED,1,0,33.61643297912964,0.39105895784434963,90,-0.07295312021801581,0.04348463457333034,-0.1812758704468617,0.12910948021188862,0.17196030045136373,-0.010356972466161164,1.1583369309520308,0.24028896513261838,0.2701398107877413,0.1595488243311211,0.13771916189643318,0.3489578926395857,0.7311677769463975,-0.12307214983195286,0.3366948648319632,0.13996753181416324,43.28948352213407
141926,Quentin Campbell,PLAYS,STAYED,0,1,22.231814033136956,0.6948492535712396,56,-0.677312687643473,-0.08852654436987241,0.11725391187211258,0.162508416515187,-0.03004235657387052,0.08161846583972715,0.23099119746547958,0.08509832547627147,0.27110610314384104,0.12344754560632913,0.21086218816836216,0.09056519411385641,0.7246375366217531,0.12324787940589457,0.34460520193307975,0.13341221450174448,33.31128179345076
100084,Nathan Young,PLAYS,DOWN,1,0,36.13249562480297,0.6293538877504381,73,-0.06387333447574481,0.05731439859468211,0.07598008066500395,-0.1429071837242769,-0.15665399513606162,0.08530689548161924,1.077923775259474,0.16354546358621092,0.5268045023786618,0.21069264210963884,0.11512307398469804,0.25263681360092766,0.9326174658465787,-0.14818588704480648,0.4273329681125474,-0.0495365129589045,40.049213570488874
179695,Erik Scott,DROPPED,DOWN,1,0,23.713252008569874,0.5490978582265695,91,0.21754120162076396,0.017148681416201315,0.20070101146756986,-0.0415269734279457,0.13075136898369222,0.021871063962041363,-0.0202826838761474,0.16586289333238757,0.43317159777361114,0.15407117577123308,0.09686262759951916,0.16880028991568458,0.7394817362702368,-0.004841934340706566,0.2845755066791755,0.02125618088362846,36.31054502136997
17392,Walter Lewis,DROPPED,UP,0,0,23.700169911275083,0.5776817754688156,87,-0.34367347063223863,-0.10921054527244074,0.13197949423565336,-0.04229708197447578,-0.03846298257600041,-0.04405187987036757,1.3089045276000009,0.14792489241004897,0.34060865041444227,0.20069062378436986,0.16183603585632417,0.08990293967219865,0.8826515890156998,-0.11302576256023456,0.29541188350835595,0.12287861733328329,18.375093915798953
65680,Raymond Hernandez,BENCH,DOWN,1,0,30.276462880761684,0.6596008891361319,17,0.1550079759337467,0.11317914835657371,-0.012795399760822848,-0.06278837213306375,0.10906255991627686,-0.03286492627795112,0.060486011138894624,0.17894904971536374,0.4955881225300931,0.14059659129726484,0.21570505371978504,0.09762102901229286,0.7679365394621237,-0.057696273156615435,0.477392537338591,-0.148144853207731,37.07761219121846
187789,Robert Gomez,DROPPED,DOWN,1,0,31.451738631675767,0.41422737066564935,67,0.09540704524810134,-0.03876732614384394,0.052141909650007284,0.14953698103180982,-0.16701038177118357,-0.05994302985774909,1.131379962607714,0.0959653451595237,0.3511432473000445,0.1121844452210009,0.13289748992180614,0.33478193187368505,0.6917762212354112,0.12781786794547964,0.21686728845529168,0.09320507110127754,23.252966446773733
60859,Lucas Rodriguez,STAYED,STAYED,1,1,31.181810364594035,0.798166958028371,78,0.27378744988032655,-0.04482019496115047,-0.019403878520523346,0.02674086334726358,0.11925973382993092,-0.04981866498765336,1.1753785601876006,0.16053245355534965,0.48105270173776904,0.24888726932316452,0.08868514690802942,0.3138804490135286,0.6532145893086077,-0.10149163401780395,0.34569028952400216,0.13451086583667568,34.17323540984119
135657,Jack Cooper,DROPPED,DOWN,0,0,20.921223585352852,0.7873965810733916,73,0.13587411052424597,0.03604553577847543,0.26140107078978975,0.01825821904272671,-0.09111719292807813,0.04193860519407737,0.3819369089422551,0.12443465104937944,0.3936834987930762,0.1234302261895899,0.12750273742333945,0.32211258812450655,0.8132772011045752,0.13974969591549977,0.47384024012235854,-0.12260227969993287,25.228859209289656
167381,Quinn Phillips,STAYED,UP,0,0,37.42667811523799,0.6251628431734684,17,-0.19192068226446665,0.11189098795429722,0.10319674730079134,-0.1904634837288104,0.10307641190665245,-0.0358911986932902,1.1492159402508362,0.18233345192583783,0.5794208906447276,0.24826314909452216,0.1508304316047382,0.34745983274821596,0.9427336455646798,-0.08826168690317349,0.38310890234544714,-0.10156569419012368,44.930167897939775
80467,George Bell,BENCH,DOWN,0,1,24.577600894362828,0.39977122546457255,23,0.4589714504993474,-0.061265745518271755,0.38517860286295114,0.12625016362510716,0.03142730678364341,0.13184624788551438,0.9562653580001337,0.0782447086746299,0.5782784643067118,0.24659198988496708,0.10266922092850993,0.11249461700255539,0.7607408581427614,0.07246983254004888,0.3639221222636396,0.1382238908314066,22.906544384903334
193734,Martin Roberts,BENCH,STAYED,1,0,21.71981334693889,0.6401141212156456,21,0.052441128091909005,0.024934387987837734,0.09090087792780689,-0.09871100738241669,-0.0653939419396645,0.22846953864031128,0.4766948862843571,0.16417548336789525,0.4409401592489606,0.21907271558620595,0.1721343105279089,0.15663180120921852,0.7571577001979135,0.014003179469193522,0.27492325376880655,0.01126204309210388,23.37391412322809
108506,Quentin Rodriguez,BENCH,STAYED,1,1,37.66370967724852,0.3360992044895879,62,0.09180863814702045,0.054305320026445836,-0.006261015036569409,0.05719191563195939,-0.010703631292678054,-0.019606388964405155,0.19486718955427518,0.08705407107666474,0.39032764373400625,0.19891344431229963,0.21968491446142813,0.25076570897746003,0.7532274853548326,0.11534361827902775,0.3029826467193345,-0.14574100965848288,42.92016766687195
119751,Adam Johnson,BENCH,DOWN,0,1,39.06868146282482,0.315326251102903,95,-0.17998038772195882,0.07544844858105153,-0.12705715889192407,0.083285232554983,0.09863184569567009,0.07872854006424525,-0.3775754150035473,0.10572861262300728,0.39502391862363784,0.18667105753766272,0.14324352663740214,0.1951407619581942,0.8061631511914575,0.016197976650939278,0.4556145247414079,-0.07271040037094124,15.73933213908968
128906,Erik Lewis,BENCH,STAYED,1,1,37.104679962574465,0.42884144425560683,91,-0.032984675357453086,0.03411532442217802,-0.17047095143839172,0.2132790315006381,0.04058944531152342,0.10996221323635205,1.0097900283798162,0.09374196006471665,0.5722858102672872,0.2299152318066752,0.12966199794222977,0.17551686001350003,0.7821994650272881,0.010367765746892604,0.3677654395305374,-0.015016897719342115,35.90066963619591
153760,Liam Phillips,STAYED,UP,1,0,35.999837569222436,0.5313114783696582,35,-0.16544081420807025,-0.009362227126665786,-0.13762039145082344,-0.10705844789429343,0.08844129804724843,0.10664027251031293,-0.13888166281723302,0.08656755597376342,0.3812717931190448,0.1434159282429232,0.13609858335682534,0.15734337480067792,0.9139743880181044,-0.09136259988948003,0.354422658127034,0.05787267330743032,36.75979172207634
