playerId,name,status,age,origin_median,n_matches_loaded,y_ready,mean_GK_PREVENTED_GOALS_TOTAL_POSTSHOT_XG,mean_GK_PREVENTED_GOALS_POST_SHOT_XG_BY_ACTION_LONG_RANGE_SHOT_RATIO,mean_GK_PREVENTED_GOALS_POST_SHOT_XG_BY_ACTION_MID_RANGE_SHOT_RATIO,mean_GK_PREVENTED_GOALS_POST_SHOT_XG_BY_ACTION_CLOSE_RANGE_SHOT_RATIO,mean_GK_PREVENTED_GOALS_POST_SHOT_XG_BY_ACTION1V1_AGAINST_GK_SHOT_RATIO,mean_GK_PREVENTED_GOALS_POST_SHOT_XG_BY_ACTION_HEADER_SHOT_RATIO,mean_GK_DEFENSIVE_TOUCHES_OUTSIDE_OWN_BOX,mean_GK_CAUGHT_AND_PUNCHED_HIGH_BALLS_PERCENT,mean_GK_SUCCESSFUL_LAUNCHES_PERCENT,mean_GOAL_KICK_SCORE,mean_LOW_PASS_SCORE,mean_DIAGONAL_PASS_SCORE,mean_RATIO_PASSING_ACCURACY,mean_PASS_COMPLETION_OVER_EXPECTED,mean_IMPECT_SCORE_PACKING,mean_DEFENSIVE_IMPECT_SCORE_PACKING,mean_TOTAL_TOUCHES
69412,Gregory Ramirez,PLAYS,25.0975995927003,0.5222204788357494,73,1,0.07503493892980236,0.09029787307006197,0.13141020429968855,0.15106106781786416,-0.06656037484186868,0.259135668057161,0.481540467107986,0.13054232993034004,0.36279974107398866,0.19891684880734573,0.16883489067125507,0.23708834985839483,0.9240238814492095,0.08617509080080887,0.20763414298851174,0.049881041076254296,15.614761406339234
66030,Martin Smith,PLAYS,20.72222556537194,0.3708086224933086,57,1,0.4448772069095879,0.16547871900286398,0.01585660339173521,0.08903198317258687,0.18990346243948264,0.09080715808468397,0.1680162044927226,0.050271104899589775,0.337517740630689,0.23716864763214118,0.15457962708545794,0.21761209837882894,0.7326670010363686,-0.027377688972563236,0.3928238138225838,-0.07930678817357344,15.504218394634275
27509,Justin Murray,STAYED,25.26835505957423,0.3512481645946064,3,1,-0.2414242882869537,-0.011374214656080735,0.32634103963603184,0.10384069582305794,0.09567405438306749,-0.026746015752411076,1.876500192381793,0.14941786187015943,0.4587739856258308,0.11351704494012169,0.13495366777849582,0.06785373276919231,0.8902428484030497,0.09700424308384209,0.46782276289890656,0.11835697107329177,30.60638066270488
78653,Edward Tucker,PLAYS,33.11959901657608,0.5677324748284771,51,1,0.017497980654564607,-0.023771371103716476,0.04125533421897089,0.2333984703282045,0.045675952236587644,0.08007818931294791,1.021419037858478,0.200561798902202,0.31213732100400676,0.21557221796785447,0.12079381404290251,0.1319986629997672,0.9254774503823919,0.054181161035745995,0.46546223713503765,-0.09472047714877688,35.881041966873966
178001,Klaus Porter,STAYED,25.90396267864345,0.34257181827804106,38,0,0.4747000623467509,0.07326467112298844,0.11120392998898909,-0.010608926609242876,-0.013562425623911252,0.13119728819933624,1.1867975569247613,0.21465373062295445,0.516645354637714,0.1925225326563363,0.1951831080460804,0.3273988064874787,0.8309011521289734,0.08699242787094999,0.40986334212966397,-0.08608183469473935,43.26427446841214
139626,Yannick Thomas,STAYED,24.84035551862987,0.45147258394504197,23,1,0.39511440805839915,-0.06656028761624545,0.25524991631903204,0.04411769954220379,-0.006589735179481047,-0.026687873134196002,0.1518951891407997,0.2258793986611769,0.4921374511776922,0.1897955768244792,0.1431970738606997,0.1562738009567733,0.8909168653673536,0.09456191326969496,0.33973105864937825,-0.06868110295789089,20.373578524708655
189363,Samuel Smith,PLAYS,22.873139002269564,0.6722984879815379,39,1,-0.23677578168507304,0.1493172366280028,0.1420063391589939,0.11613917293077759,0.07301672287508901,0.19824606729462757,1.1062115875171328,0.14754377366307392,0.28483281983657144,0.14388106427223546,0.15020263877783419,0.24849596014017528,0.887508529760524,-0.12458139501290462,0.3536094856074469,-0.058726106554024604,18.097764283082476
14042,Erik Webb,BENCH,29.447844964363107,0.7822160897839904,26,1,0.045222436665686434,0.13568180400451785,0.13826345446562222,-0.054580883398961624,0.11460408585190612,0.10948376253963803,1.8669396481231035,0.17612723810593012,0.26460815175254954,0.20258400321665154,0.15291602227570383,0.34984890512561645,0.707947325336294,0.03689186630642871,0.2410756471986989,0.004343892639309177,16.56263720781453
47201,Victor White,DROPPED,24.79492539130094,0.6589352902759642,57,0,0.3184023543502082,-0.05992957113283444,-0.19604832640949202,0.07748596859025426,-0.029349621765208833,-0.08198905278068076,0.633529958969363,0.06590394265929976,0.49811546103543397,0.21921966322311648,0.1427713709604207,0.12892091415006235,0.8503773420788254,-0.14796433410695173,0.3023051279357609,0.06403720813021321,28.08124748738851
24016,Raymond Reed,STAYED,34.35121733192915,0.7963127742264351,27,0,0.2990284357963291,-0.10664998555255249,0.2020952502540827,0.05266357967109205,-0.0506513327284768,0.15276395438508483,0.04652033529283772,0.14760764485634997,0.3677175095954963,0.11692872474155458,0.11585237967337933,0.22282426370434816,0.6780403810713331,-0.1369631261096488,0.2563184226494821,0.12786245232020513,33.69442102007871
35022,Liam Stevens,PLAYS,20.609070441836256,0.6491689856397014,9,0,0.39254035637298634,-0.07284617222849743,0.10833804103202353,0.3832759293882948,0.008617318157813292,0.0008463938242765645,0.9103857161924667,0.08096315097434706,0.2845783012693594,0.18002821464714758,0.09684766163402729,0.25893133781066396,0.8023550429412444,0.12119400271675226,0.4463600610049864,-0.12346872379934926,40.216600702537924
37938,Klaus Torres,STAYED,32.94469369533767,0.44689723532716374,83,1,0.21528576645018932,-0.07162957119672941,0.18123476547588252,0.061984340199808814,0.16936286758573443,0.028504348843327355,0.178461856873823,0.12392862352450429,0.5537714819825946,0.11518977714811146,0.0937952174034837,0.09938817396962454,0.6986706644421733,0.008269116407041643,0.4744261704013879,0.13631080866847076,35.47934646879394
184750,David Torres,BENCH,23.988760305923165,0.6360262702526809,95,1,0.2655859443987352,0.08414084514839813,0.12748195725532546,0.18883277186771985,-0.09168883403364675,-0.07191624363617334,-0.1346792178826134,0.11586106257291987,0.37561760120705767,0.23088610289464667,0.18604475326769643,0.09460176910885462,0.7749048496389295,0.07077059576055744,0.36107697842603514,0.126396890129044,21.25082367224572
128171,Robert Wells,BENCH,29.274864482083665,0.6510783825984519,96,0,0.20283892657814762,0.1439336252623523,0.016126366431569186,0.1495931856616211,0.14424776447427717,0.12577356952277963,0.3591405831555288,0.13470811544830164,0.4338398198552894,0.1761455083984521,0.11129389512221159,0.18689237349745197,0.8998946224095312,0.1015502971329438,0.4183292121538832,-0.1338002123456883,28.85311099188837
71720,Peter Rogers,PLAYS,25.007888362656473,0.4858634923082303,73,0,0.5739199232583672,0.08321009700950592,0.23414607498243922,-0.0887873923769185,0.034227983159313254,0.032136172796549435,0.5044413231343985,0.16432732359482652,0.3447251709815077,0.2211948533891136,0.08779419409355659,0.1657437565277868,0.9461503518890613,0.13487603026937553,0.23643943127213826,-0.04190365869253118,42.31039038925966
115514,Robert Perez,STAYED,34.17814219622671,0.3088569253046945,99,0,-0.02654335382936543,0.0011046226706834077,0.12971899169198736,-0.13585886055528396,-0.13527391431586147,0.13085083454007312,0.2076501232694251,0.23057532941259917,0.5009268313431858,0.15521284564993215,0.19165243693742406,0.26426463105719417,0.7453879494978853,0.11080585437683874,0.3825603929831715,0.09394301708980093,24.802231874321137
197877,Ben Lee,DROPPED,38.85144784528437,0.6515998923877435,73,1,0.11445734888356515,0.04739987735283311,-0.09340797365643647,0.0796417526439553,-0.016163240156568226,-0.01611788668786833,1.5958800692831363,0.12889692626950106,0.37059536614174377,0.11876173402244881,0.10156863140049072,0.07085263143457587,0.8095867096349529,-0.005006565390811818,0.4108373064133538,0.033472963643820325,29.961910952757943
143058,Klaus Cooper,DROPPED,38.25861236886608,0.3108500476377708,26,0,-0.20449064969531275,-0.049582242624402834,0.29627757345192435,0.20088015945763454,0.09096680729402729,-0.029848394544409407,1.9337660027836847,0.24622623914231018,0.6372083844910514,0.10622489565785673,0.1675204528426696,0.3416499871222071,0.8033894073111465,-0.04920890778584655,0.33583043885342023,0.08372818301453111,43.756960039310904
86478,Nicholas Gomez,STAYED,31.251950518025915,0.6155940390300356,13,1,-0.26360653004132373,0.10777664364513859,-0.11457193465812077,0.08454977834758093,0.21018139450407614,-0.03957244859173005,1.1708528097244595,0.20180560961024058,0.5311790194467627,0.14222644311585633,0.12741005800270086,0.05428309450574971,0.9363204529493198,-0.10365202913818855,0.2729819253412096,0.06571000163696625,37.04124016721093
153233,Nicholas Lewis,STAYED,28.714816368396548,0.3818082443712775,75,1,0.19748701031751426,0.05456231519860261,0.23513938513758137,0.05946221648206094,-0.10273727233815677,0.09752386154515141,1.0305172952618362,0.15229620935767665,0.3046889105493863,0.1366350550546118,0.09770723593678332,0.23039504730084537,0.7935751197298321,-0.029903555253816022,0.4632123561624174,-0.0009689660618509288,37.43221156925076
161761,Zachary Lee,STAYED,36.18431069822702,0.5828017638740217,14,1,-0.11725587978255564,0.08185582256131704,0.3230397657895311,0.015909601646090017,-0.2519176476055258,-0.03164197894032837,0.7147711323733332,0.17880528742238883,0.41667793586938673,0.1840527961029943,0.13802733709561038,0.2187897787602165,0.8597318616199093,-0.040051926251650966,0.4228726159861167,-0.13763458621449012,22.570020132396827
137101,Quinn Thomas,PLAYS,33.349853615182326,0.5519565126903,37,0,0.08269431913079317,-0.03820285614878205,-0.06594431539448942,-0.10887534959156848,-0.10095528154579367,0.025626482152830428,0.26220031153216183,0.0704448342263889,0.40416843989195145,0.10326082570955611,0.08207324055856752,0.09041471926091774,0.9265367699325577,0.01787245258676201,0.4699571845547585,0.025280460619350298,27.440943549153843
104699,Felix Webb,BENCH,22.85484639855559,0.3067568211530913,65,1,0.5853247931572627,0.00651222505050828,0.08158573198931678,-0.06526248611068146,0.1430415507866506,-0.01221123847675986,1.761746138644181,0.218904306262731,0.4636988442881532,0.178085581644876,0.19774629755175846,0.09527479481405894,0.762013567861052,0.04965282262716403,0.44552079424934704,-0.1354300040822112,17.470264892901653
109273,Ivan Young,DROPPED,36.23930348587301,0.4814329084975517,70,0,0.5679813107118462,0.07800585119849625,0.0676077630798735,-0.14467764266076372,-0.14937417070684203,0.10281007098772116,0.7622879017457934,0.16647149101279318,0.5867722697917013,0.15876576130180048,0.15188971458786002,0.287803246338388,0.9206366714736163,0.14349764293351422,0.49711232887365875,0.031118015260539256,33.19577601151601
73745,Nathan Freeman,PLAYS,28.006572177288916,0.6005455836981514,94,0,0.76721343360649,0.13548103196188918,0.07435432672286671,-0.08236559189359018,0.17972538908793873,-0.15823629359251734,0.5224487167600999,0.2472134960419204,0.4833688060732007,0.1865683404871663,0.09948240152711466,0.3162687375238049,0.9252368665673041,0.06851585583021974,0.25765181996433467,0.09012325874810345,18.111904936274826
142283,Liam Johnson,STAYED,22.968698859394678,0.7243032759493899,59,0,0.5912957525197364,-0.02864798075588679,0.37453575328495947,-0.013120988491522045,0.15148089477619203,0.07964394442680062,1.4088539744019215,0.17728574875056985,0.2746226710399997,0.20536262922255472,0.11317724457445785,0.13490508976513088,0.9291987511901392,0.04312455973287699,0.22602433034119224,0.025497524610575584,40.077287466178646
141301,William Bell,STAYED,24.917744358326342,0.7443210569182586,15,0,0.8209054575356469,0.08243615257366557,-0.06420783093756782,0.14312192258203832,0.0491036242062758,0.2577611826914969,0.7558494860717521,0.216822316653265,0.5121662787211421,0.19511379176197585,0.14271652689939374,0.1813891891887705,0.731133855641428,-0.049472269719497225,0.30110083740117755,0.14910654136850912,39.436613610599906
128972,Nathan King,BENCH,24.61806763521519,0.5419249850166117,25,1,0.23095890034376834,-0.036965743728822706,0.054014943268150276,-0.0034080712954717082,-0.032636531034702806,0.19832313304804372,1.3863765458548873,0.20995254855904794,0.25330611917834334,0.24769665540600494,0.10644171359417681,0.15649851231150608,0.7701066782809876,-0.1396488370505022,0.23870125250697768,-0.01324004994587008,31.008153033669284
189614,Justin Campbell,STAYED,29.903346466672662,0.6642112436497191,85,1,-0.17090617479337503,0.1893755018261287,0.32549837482326266,0.08067509426596611,0.03552606258171429,-0.023998374636816658,0.5541507760786739,0.11909223029365378,0.5619841842161573,0.12073980158153066,0.11760388261015203,0.07176410389599557,0.9111187724677106,-0.06356246134359246,0.3569390338718673,0.07464823908119622,19.23498099591089
155417,Vincent Webb,PLAYS,23.921771904235385,0.4582272882667288,41,1,-0.20011777084564406,-0.01318597666180234,0.05155767574912777,0.06622750534120181,0.09110873521401018,0.10935221313979808,1.410582155272204,0.10192212504664233,0.5166544289644968,0.1644605513394668,0.15481397899293686,0.2519612738047428,0.7577485472841257,0.08053437013788531,0.3899086716223228,0.05016398752257223,15.767369495855045
111489,Thomas Johnson,PLAYS,21.5948962354331,0.4710932028793287,90,1,0.5188991822324559,0.07148041392416891,-0.04036695737997442,0.10988586025795685,0.07584764647252987,0.08606785674078862,1.3878603301648185,0.13609871668630202,0.3735142633410344,0.16372461049649667,0.19656526182537398,0.297557880441707,0.8300759098800515,-0.08841841775885947,0.3734865845520211,0.14742950746742636,38.90126002627717
41819,Patrick Jackson,BENCH,21.597507862888975,0.39723175959115686,82,0,0.11548795084312596,0.033248769218690605,0.1394522022654622,-0.07417779178207105,0.20396593732701052,0.2263270475794565,1.5948970531940558,0.14344826888176743,0.3669767218358063,0.1625579805554381,0.13625755599658892,0.14146380721736213,0.6854163521780156,0.06365645810223433,0.27777204061708105,0.06396570152313152,33.00421449640281
57779,Liam Moore,PLAYS,31.24880013992103,0.5809740549966196,99,0,0.1378394547538047,0.22842424970883946,0.22084608125605232,0.17710324581482578,0.00398975501735031,-0.2512137906787321,0.3743450962439041,0.09801694038732878,0.5693091986185222,0.19956975880640027,0.18037653829749678,0.34705273808921544,0.6668824964333723,0.023933952770824746,0.472647209290639,-0.10079078056218319,36.3278891024365
102244,Peter Brown,DROPPED,34.42994506583695,0.4572820754636826,14,0,-0.06472132638614406,0.0383921286419651,0.04107385447775542,-0.11886123819443113,-0.10008429736229979,0.1835440842722197,0.7501763381726061,0.22891957467019436,0.5633346767698482,0.1734742090820084,0.20273578988449079,0.07275546718470648,0.7735981968476517,-0.09844293907486054,0.20635170912061354,0.13665531192517225,24.114213772091027
75584,Lucas Lewis,PLAYS,25.752193185605158,0.3421854482192525,36,0,-0.02875218189478479,-0.02120448183921025,0.18315525862113174,-0.003737584286392877,-0.11772807071321251,0.01789787926833547,1.968662047361749,0.1585095724601292,0.390920941750704,0.17761488397194447,0.11028213164146268,0.24853721414435626,0.8236749597778152,-0.07151255811245101,0.3044040061290479,0.050333167933728384,30.284482135317436
161022,George Wilson,PLAYS,19.727664906094358,0.6425030433315894,73,1,0.21512778693307766,0.07116052100904503,-0.10649226411118451,0.04749135106681061,-0.13772912680591506,-0.03918747273405011,0.6521527525373291,0.2456888784307139,0.3695790912319121,0.16485339882201472,0.19300687585630244,0.1844684043578267,0.7678097340076824,-0.001108918954057042,0.4156977426194183,-0.13219853075808302,37.41522511618951
156245,Lucas Scott,PLAYS,21.671722625677226,0.6538766038026991,77,0,-0.216567047037211,0.06937926934202984,-0.09815406251278916,0.14121738177796966,0.04962789225356058,-0.04261624345535506,1.2866154788194861,0.21200355560925266,0.47392991555311603,0.2487549191527844,0.18603630776634383,0.18398057033199677,0.8233207310482525,-0.02448758846764576,0.43007867790474785,0.047270491735383724,28.876899249413988
68032,Erik Taylor,DROPPED,38.2085857670782,0.4799962093895289,33,1,0.1771415397424287,0.0074024108992846414,0.03398705796210591,0.21551712026609043,0.006563129927754291,-0.1059887579453536,2.174339010573153,0.1611409720783892,0.25334626399365767,0.23913420232285632,0.1299712217127389,0.1872936848100621,0.8045253128515355,0.08356915426402786,0.324835563329558,0.11493582200243249,33.04152668306193
125074,Quentin Allen,STAYED,29.364416851378515,0.3383616997280114,95,0,0.5533240585405388,-0.06758126913824868,0.1885026129987592,0.14216378241540684,0.03326546028942717,-0.02369420889687228,-0.3094247175204772,0.23940805562887185,0.2830668151946169,0.14615862840465565,0.2185327943301214,0.12760453214042852,0.8557121687858227,0.07032139276297411,0.20507294397691014,0.023112558597007504,38.69184785423887
109273,Jack Peterson,PLAYS,28.525029001918668,0.513148858701713,64,0,-0.5400907524976463,-0.022239908911228522,0.2142246971477629,0.21990996289470305,-0.023705954080618305,-0.07956808647176745,0.6322666172170549,0.15097496301906144,0.3004678360594947,0.11673908871500008,0.116760132001034,0.26466884819966974,0.844859729319617,0.02237235104190513,0.38541310373712123,-0.04379410859039663,21.456619357991364
38036,Quinn Jones,BENCH,19.79903274451191,0.5211677290251078,15,0,-0.362393563423134,0.09051991585159355,-0.07730240711870948,-0.04950111154087655,-0.08101668587226772,0.07162606046087822,0.8011221103351257,0.2274213025037341,0.3241647271308697,0.22596470860579043,0.1156724572444374,0.26647295782550806,0.7772737109619741,0.09668241344187756,0.21892840435496472,0.09627289022118479,16.977866680724468
81356,Trevor Morgan,DROPPED,34.30137746865488,0.6343354424489465,33,0,0.30268298845091746,-0.11979591569871702,0.20866310570988694,0.19284445760854513,0.09143358846274524,0.12079251587940566,-0.2793271955643375,0.1216289562391611,0.4548072506701877,0.24957553771385868,0.1881162830514477,0.1347191330317481,0.777498572125959,0.01880086220529259,0.23235673284605435,0.08475360246174882,30.954705324324152
155364,Ivan Freeman,BENCH,30.089429699573657,0.45770819562934173,4,1,0.509190362098259,0.0001563280491429543,0.12497605606521703,0.1722388075895961,-0.21630638998462517,0.019211190843396595,0.5264172692116744,0.12572847668081882,0.6468967659444489,0.14389133410594684,0.1408520245271518,0.30059193825753505,0.6922335020036696,0.13931677699717807,0.39507521589385697,0.013254646269390241,16.863773121602872
13052,Harrison Torres,PLAYS,23.243699657816936,0.6412996398906528,17,1,-0.04696781904190453,0.09958911374534267,-0.03188070416769764,-0.23755300684307962,-0.050159556775373634,0.22996678475073978,0.21717123376756042,0.13362613659418623,0.5110453606989414,0.15366773887626495,0.12631129926934606,0.145053483095099,0.8039715716289377,-0.08483277025467557,0.29374649784285645,-0.10369146903122989,37.996718831002596
54377,Klaus Moore,BENCH,21.311548963802203,0.7357442708786941,59,1,-0.4994721845133616,0.012520302479996186,-0.10012825280344975,0.023544290732686837,0.10864901599683913,-0.015810554254832618,1.3146112810105064,0.15932512918864922,0.2745195177796894,0.24124497722278043,0.10501279274747441,0.2675279371959627,0.8261537384407089,0.06423959808064583,0.30440904581247585,-0.07470405434304558,36.57634342901366
77819,Ivan Lewis,PLAYS,27.05114513627197,0.4187430211810999,77,1,0.5295772521822256,0.19389681116421942,0.13447347323564882,0.1222444908058139,-0.06008384267030367,0.012936509312408882,-0.23958841307655887,0.1606980540397648,0.4602317496248967,0.20666942770046348,0.18714654033083616,0.08629993025361993,0.7929468192061478,-0.0390167603836596,0.34604212309497306,0.07154519165583173,41.45138014395891
123689,Nathan Harris,DROPPED,36.58040124809554,0.7894597780599499,36,0,-0.1433195455743573,-0.1195720192238922,0.2934344836248169,-0.011849663853452631,0.06916754197984969,-0.006752877151410867,1.9335935731883278,0.14927978433541683,0.4486580849558018,0.14434574976694542,0.1900850528590508,0.1006104928411237,0.7477122005260997,-0.06631014167394184,0.49357351845781217,0.09182464961847825,34.186862941018816
156692,Oscar Garcia,BENCH,37.171185743221514,0.49318406856840347,70,0,-0.00837390287828374,-0.05690942951355471,0.10532836461669356,-0.08029902067554838,-0.05002590955364648,0.1218342648697274,1.213938447954767,0.1112001947166335,0.3076671263272198,0.18715697369258727,0.15931896045221966,0.14473869335247536,0.8664945632755208,-0.09588375720968614,0.4896326662216131,-0.06622041658770307,17.015927122571213
40461,Quentin Lewis,BENCH,31.659773988308366,0.43362934257353086,77,1,0.19571346169593296,-0.16517070418022306,-0.040238127410935465,0.303701026153025,-0.015584487383028728,0.1339488203422266,0.167707051863777,0.23544129295816624,0.6181089475209631,0.24163443690463843,0.2140239058467922,0.22816213030035842,0.6723984933935673,0.015751042878463156,0.3248782998080225,-0.03960447684396401,22.594563764688523
30750,Oscar Lewis,PLAYS,34.278264971832996,0.5107555912551452,31,1,-0.0999300115732272,0.17949524533962394,-0.18020334306191396,0.06332481811650881,0.08749205158047982,0.10944402607653164,1.4158516729231865,0.16771721946985085,0.4263060990701476,0.22177196604186677,0.1245428578591716,0.2436534456436098,0.9243321109262141,-0.08535917017523661,0.2796497651654847,-0.12671043442506144,39.237955336881576
19472,David Moore,PLAYS,21.418271535460278,0.34719873795192957,68,0,-0.16283891814715842,-0.05559897206013044,0.3294236270332913,0.06660865209848732,-0.09778483170631327,0.03510696152750365,1.1581878041105067,0.13154784323831897,0.6478236562438959,0.21127490705929897,0.11074666636710721,0.16890685159024244,0.656193031863738,-0.08989474456547822,0.2907776457992347,0.06403858450994993,20.01397251940763
79263,Stefan Campbell,STAYED,31.350647374824952,0.3628529532560578,18,0,-0.15734005776922663,-0.13895370493826664,0.25627759154796437,-0.10707929378500793,0.10452783300763459,-0.11087474308934668,0.7767394251255952,0.18023539214872364,0.41802891810086573,0.21054944675905335,0.17484534765082466,0.07335174593315422,0.9387050400314834,0.1471595715251454,0.28063438944848124,-0.1489267366199906,35.95441403444662
122036,Peter Hernandez,PLAYS,33.006279773230816,0.5072170234841658,41,1,0.6573785682783049,-0.028953545154034765,0.1453115273157402,-0.023483319495548702,0.03459204924477665,0.011667130302739193,0.36712587045448025,0.20359335156196107,0.4931830810734437,0.12670304864384055,0.18617720971195867,0.1620903956278173,0.7887066802803987,0.09052422505372823,0.3596737421425342,-0.13603754363427958,38.40777992761434
198674,Nathan Williams,PLAYS,23.214969701189638,0.68122226096955,79,1,0.44788407652758433,-0.09142472865507759,0.3216990950898191,-0.057740875524628366,0.15564388673790303,0.22737676566806375,1.1285979692044903,0.24214561764564863,0.29190501458057605,0.22370218588419047,0.11148683587725514,0.2566302547877455,0.7738009832010624,0.07448304607631262,0.38205794234027857,-0.14869677966477302,24.903353935657236
35523,Quentin Phillips,STAYED,37.483249391115436,0.7501561197872455,39,1,0.2723552021851545,-0.028382791224432217,0.13358786496303915,0.17947702761671636,0.050814997164673956,0.17158854649219835,0.8737522194487577,0.14990983245351652,0.4316911295227477,0.14141779486651873,0.09072550699655585,0.25129863833909477,0.7269332052389564,0.08821818776482648,0.3466338164688998,0.043595875001285034,24.668924202087254
171838,Trevor Morgan,PLAYS,23.094931487941416,0.6324089953581354,83,0,-0.5559299677203698,0.0232983400755923,0.020344457407347527,0.11055603451112622,-0.07694866204793477,0.0852860476024064,0.3864556926408893,0.07241970207015176,0.3455063576015893,0.23955499868522942,0.1934723081220921,0.09805892396163282,0.653021340449685,0.14067686211562277,0.3223983086744457,-0.02478386168983604,31.734080436274407
113262,Robert Martin,PLAYS,25.58302455677546,0.35260977761908485,23,1,0.273457568516676,0.08439368832376805,0.1832698367575315,-0.018467643136783535,0.2027994421941236,0.003865753145786806,-0.005953056457703831,0.13815316028730829,0.584225919428494,0.15469599865206746,0.21671027631044176,0.05233519108069015,0.7324370793265399,0.021983006625961032,0.2633855112709813,-0.06073597159700092,40.838589982642915
76060,William Harris,STAYED,32.03169378749263,0.6360098810902675,46,1,0.2572600625228407,0.006026484791124975,-0.02445885144016871,0.11726002863994575,-0.06859429448021577,0.04836578271985707,0.2896465874977199,0.14579411229069428,0.563567833947016,0.22864905955633846,0.1702541200501198,0.275894485188835,0.6828199776381002,-0.08392683677914183,0.344751677414634,0.12381030310713312,21.717186057404415
19079,Michael Gonzalez,DROPPED,32.40535136774535,0.617713960351486,21,1,-0.2834399420555498,0.022023255946774085,-0.049347172677977114,0.019577582511070737,0.007284391586605765,0.004399491315714273,0.4980212866176649,0.22939881563713477,0.5796719998501434,0.13993502417767023,0.11890136602014519,0.08191044991557311,0.8479462528080184,0.10866289222597172,0.3023308141407374,-0.09215916159701801,43.237745881272076
149471,David Porter,DROPPED,33.687079560734716,0.7028819591466656,73,1,0.17761304004214984,-0.026527617845610443,0.2157410664410903,0.07813888615742501,0.12574089269617733,0.1931662025700256,1.4974923705148848,0.12896015369259062,0.5394437751031806,0.17717904048733607,0.21953416519739088,0.07470474318928565,0.7457224916962178,0.07281921883622705,0.3624786388395029,-0.03318959688557983,32.973560544603245
70726,Nathan King,PLAYS,21.352245974432318,0.7126243333260904,10,1,0.4154477488776067,-0.10093585817997272,0.22836381513461232,0.07757166646228476,-0.15799277746836385,-0.05067603980720983,1.3164553698543449,0.24066485297742768,0.5830732894480205,0.11603279432335908,0.20505732907739088,0.050810365050249044,0.8801537985210984,-0.02570750629974808,0.4025568246534872,0.1320935402783255,44.76379414056829
102906,Brian Simpson,PLAYS,36.83875302849966,0.7341015378894895,79,0,0.270809775578132,-0.1277232194372721,-0.09106074207311138,0.10043206525755188,0.17396689801138732,0.16084031387563727,0.529959479411555,0.14702638154286696,0.33033150006996836,0.1990178354494261,0.15187329047924114,0.17978039778707816,0.712074856203835,-0.007929150427606085,0.38999365233098315,-0.021868031148887274,17.68841171985968
26532,Liam Davis,STAYED,30.189789777948455,0.5070657572895492,68,1,-0.10405082051006775,-0.0091588624269089,-0.08551965236627843,0.08595823080760953,-0.08508842923263137,-0.013504308599052064,0.5532836241845642,0.2447561001957858,0.43081751063192064,0.22541189127502576,0.19554497987785674,0.2009791702702443,0.9200704572296328,-0.026624280456339272,0.338747063121678,0.016408105694117325,18.79686409520277
132689,Stefan Wright,STAYED,28.897757676206435,0.6489321976760721,43,0,0.10397939292519198,0.026771182283457103,0.033242545955048275,0.10052595813978905,-0.015499941983757232,0.208511219643439,1.3948113677310197,0.05163966422619244,0.5267387519783873,0.20776709219536244,0.19421487325681536,0.2412992138445772,0.8068944545317498,0.12898264806870122,0.36681572728398826,-0.12589894002915372,39.79925411140448
53162,Stefan Jones,DROPPED,39.6030501147837,0.43412517946115536,77,1,0.31910707936035965,-0.015089161698100071,-0.00669572497694941,0.2006969972582689,0.058885790419767575,0.10121311085696082,0.9604080496551578,0.22976307496126935,0.5049569991740539,0.17848877694079862,0.21087185575428996,0.13881915221377575,0.6843518589406944,-0.04694051655051175,0.2854568392882279,0.08704991606803869,40.94267686811548
144821,Erik Young,BENCH,34.54794423576141,0.7996681399917521,90,1,0.1178356102652948,-0.12474615942890736,0.17147331447480532,0.12686753036882287,0.025829414391459915,-0.039926487993384246,0.9520488559245799,0.23622409038867015,0.5365417931496348,0.10676738179021893,0.19772933812828442,0.263127414916034,0.7702535706960437,0.13904528359685173,0.2072720777067169,-0.023172366873528555,28.36376065112802
21353,Trevor Rodriguez,PLAYS,21.478126559006874,0.38766712068842996,72,1,0.4762854667320685,0.036112007461453745,0.10720747566483847,0.009571788472884861,0.10891760584504535,0.012882510379759127,0.377974756703409,0.24220418715304265,0.33970335326049267,0.24001615107562876,0.17011509303400302,0.10079955722208248,0.7120281572209285,0.12308153137618497,0.3875058362504312,0.09015453737954501,36.42213528427005
122313,Quentin Allen,BENCH,34.88732251175105,0.3050572158304179,63,0,0.21870446705203261,0.15034439063234512,0.27473593864549084,0.038245670481779036,-0.13008075709710507,0.13539687280679913,0.7259486857711126,0.05261530683492297,0.2893738836179959,0.2058234322867952,0.16530252065391104,0.29959701593310417,0.7099056278504537,0.039156342674452005,0.2757705677413061,-0.07386070723320236,41.02671862336615
38477,Harrison Williams,BENCH,21.00022761343026,0.374404357259088,28,0,0.32587679958634924,0.010828278919108177,0.1475886587850975,0.197620470559648,0.10274513537727173,-0.009897138828887125,0.8025570003314527,0.0843401673100618,0.6167226312299106,0.21187963575479996,0.14543002036642566,0.22155449866713367,0.8019109212956627,0.023946531930022386,0.4006861130204824,-0.023256374831576998,16.29383364656486
165642,Edward Wells,STAYED,19.576881812772683,0.6879361447720633,73,0,0.34642019409752794,-0.026362446206086607,0.0033134755492483514,0.06349069459378576,0.110724238777353,0.05265637824574474,0.7452849518157735,0.18075290061864724,0.4740687582269434,0.21920208632662108,0.16770798959590605,0.22516694701161455,0.8515676046909118,-0.03897321597900873,0.4241025498790878,0.0859646809095031,32.21851268979776
96373,Lucas Lewis,PLAYS,27.476143800667842,0.5233918382541057,85,1,-0.22000481099175886,0.015160476780518468,-0.18366932928296684,0.0051177899171480495,0.13292258292458928,-0.011553300297873319,1.2404407471135177,0.05509453834702143,0.3115303698029644,0.21216151388914162,0.1913303221142536,0.11293262413373244,0.9234854616510284,-0.14449848329680504,0.47477832383113433,0.14216333011309193,40.604419995794686
152509,Chris Sanchez,PLAYS,39.86514162920359,0.5237501239052141,72,1,0.11499581060700373,-0.0683503875650495,0.12691839764157656,-0.02573660105560431,-0.12896607719664105,0.2610940577898256,1.2592123036496299,0.06272179923530015,0.5673746327549447,0.16616742461475004,0.2156652676823575,0.07223262479011647,0.800648603229096,-0.11171304412867403,0.4874368386438839,-0.13211234268381933,26.94464833754325
179176,Edward Rodriguez,STAYED,22.672562660092115,0.7775114598058342,31,0,0.0002936579443105908,-0.07351193034369188,-0.1565492165354416,0.08276457297994966,-0.11689352338290224,0.28172862715415964,0.24862529918027798,0.09421577473868839,0.615971974651713,0.21004327439319204,0.14542023014549682,0.18941744092420143,0.939751632517499,0.0762693970048646,0.20315781389291043,0.0937368532256713,24.071508183372806
14551,Zachary Johnson,BENCH,33.12553121406259,0.7598174540140371,68,0,0.41315379844212363,0.05611312704757092,0.001456714461874592,-0.05258281630546913,-0.004237564965851162,0.22557487440700685,0.4998712905494737,0.15248795374877683,0.3178254074284436,0.19375401817154936,0.16031144841842598,0.2346835855767077,0.9324904556220106,-0.008537962023550422,0.4971122628063912,-0.05979327971186693,38.871200552845124
78359,Chris Bell,STAYED,22.641317390328506,0.4555973689020046,21,1,0.23896991401120737,0.0992257223225866,-0.008259016714501313,0.2041754508601168,-0.10608257813027011,0.03507512418394006,0.3875758800678223,0.15918051185336152,0.5769649821076442,0.22810245005031798,0.14227276930822946,0.07851393759850568,0.9095187589953081,-0.10504855974360958,0.4049054955482483,0.01522298426732166,25.073597505085086
195952,David Harris,DROPPED,34.2205264741261,0.40452906439043307,70,0,0.04353626136832292,0.008232131824446386,0.0237359327674853,-0.07453820245084956,-0.15039678994145037,0.0016696823951638032,1.6331154596661288,0.05685222455870087,0.6232900245276514,0.22036897230060556,0.17358840693767658,0.33516034235845,0.7999931794887256,-0.07081174376043871,0.3930572481122568,-0.06297232051477562,15.095228945535096
153988,Martin Campbell,PLAYS,29.612427032994347,0.7242411049668698,60,1,-0.28455542103279896,-0.13790120380926135,-0.09740513898902864,0.22736812706233056,-0.008546405722116561,-0.04349962954169555,2.152094317859504,0.08407345015630624,0.625344640118407,0.10620615737008898,0.16818887056857634,0.344124308069842,0.692271183106395,0.13435106995409993,0.20456392855860664,0.034033641770397055,43.78717762887197
136150,Stefan Scott,DROPPED,33.2794059118769,0.7530095355221815,72,0,-0.3790724996361623,0.04826791412286005,-0.008791491216492434,0.015772362095306122,0.053409136145776456,0.23428655489637273,0.5218271749178532,0.14994113466693107,0.6156625846614006,0.1568330635498908,0.08249673062710726,0.2136370086177476,0.7153713409446155,-0.03986014940692047,0.45837002356602125,-0.04385915080680733,32.763697090530556
182517,Walter Rodriguez,STAYED,23.260336694198926,0.5707984613992434,59,0,0.19310278598348607,0.18539057362699587,0.27188568676777003,-0.07920848243531871,0.309897953029466,0.1616868452841403,0.6997428526658703,0.16878812418868105,0.4685684049440411,0.10520742282758419,0.15576261827409218,0.33502074658202186,0.8443010008135927,0.12230458356574606,0.24364743417434792,-0.04991553270669555,39.58553756130213
57636,Ben Tucker,PLAYS,34.65819498293054,0.6147118555585502,39,0,-0.11516380317003799,0.00048814692413721994,0.27147227313623995,0.07270108862784516,0.08486751540456904,0.16745130578088085,1.3053888987183986,0.07968033929724308,0.39248452690154767,0.1153112387149147,0.09238816539786196,0.10383357127425592,0.7765264940852589,-0.058609250311926986,0.4511990461799123,-0.13861850611921933,39.75904687028144
39685,Patrick Cooper,DROPPED,39.90800025207684,0.4284571423461467,63,1,0.2998379404291699,0.005772337967726169,0.32987496631989566,-0.0643646989857147,0.2052269999899819,0.020008647574292982,0.3756733524621662,0.12976828238939414,0.2529091230776037,0.1902116083005417,0.08369370652077537,0.057626205553857474,0.6940404895261989,0.012966028310148259,0.20466876387761482,-0.10591187822885653,16.992312611181983
61134,Felix Cooper,DROPPED,32.97866051314516,0.7004013439892622,94,1,-0.39294207952286786,-0.049810682409115056,0.10152197886156615,0.054124611323631236,0.025584891362642297,-0.160947698110949,1.3189449965494862,0.2308802873033905,0.2743648907486108,0.231073273174338,0.19076760269185777,0.06182286058711698,0.793698180091793,-0.14385687499134062,0.3937892787497484,0.12512345965964364,20.125805981593942
98916,Vincent Johnson,BENCH,29.36307995953043,0.6160612142245115,32,0,0.5778853594626671,0.058508319831472796,0.14068286933473695,-0.019305223791919873,0.08595659928672936,-0.13335491314489156,0.7874784421626727,0.24977985740923442,0.42153560611895624,0.11797371380639009,0.11621098070230207,0.2262537438280337,0.6552291636506138,0.006562533112073082,0.3304404601309483,0.14948322866197392,24.333620422789423
117967,Gregory Moore,PLAYS,38.38665376100456,0.5517567556489983,73,1,0.29915922697950237,-0.033678677159569015,0.27409171265404875,0.16340879214429094,0.015386230446722536,0.05691608754830116,-0.24624382176997783,0.24744289096622823,0.40973045855660417,0.16766339312002473,0.1276917108202219,0.06849256503104706,0.8701686112698779,0.04108260318318907,0.26023001871780055,0.08415617276088191,24.620978551239684
104455,Martin Bell,DROPPED,19.332888686869403,0.3300542780391979,75,1,0.12975552699331827,0.10172015181348755,-0.12059914354056761,0.06640995319251586,0.29831232167168886,-0.012720910763960244,0.01973985177698323,0.2263349020573745,0.3238855638279533,0.23663183572096655,0.08897184226456928,0.3375636820472261,0.6720743883469072,-0.07970847019884662,0.23226841753113026,-0.06395621256795396,34.76358353042738
181065,Erik Morgan,DROPPED,34.328393905002244,0.7579674812555768,27,1,0.6049176809208195,-0.03260644371881245,0.22084427600555517,-0.09262009984894419,-0.03855908635290581,-0.026524155327115786,0.5972875596495251,0.12893201758998918,0.40819201121266274,0.22214514755073816,0.1051300364692091,0.09257996322781958,0.8387340859736356,0.023681152861607102,0.33203830896389797,-0.029266458466922246,33.69398762258054
185405,Stefan Martinez,BENCH,37.66367685309007,0.607725710192203,99,1,0.38452538026634087,0.04734331744951711,0.29535170850934833,-0.02164438485112065,-0.024997430013319083,0.09141780484743489,1.5337691328745076,0.18731485841495682,0.31986002618214726,0.17795018446988947,0.18718467455609095,0.1414168418158936,0.8879030922876798,0.04415033161529566,0.23699174159642744,0.07185103647182481,29.837693340294415
199937,Raymond Harris,DROPPED,20.295166256040105,0.396345547346484,67,0,-0.04250097158511315,0.01629246031523519,-0.033344048905643575,0.13459366995117553,0.10965406876562041,0.17163917958313907,0.2644792409666131,0.13331844555683975,0.5895165011103363,0.21573571589932466,0.14909431623256691,0.29675534059950454,0.6897931623361897,0.05606582351452696,0.3459339835073143,0.1405540670649594,21.33791196926304
59756,Isaac Peterson,DROPPED,28.45134757873092,0.6031930584915264,8,1,0.12327289293349875,0.14440892954474405,0.30739587184054895,0.204451052454857,0.05074729036393261,-0.03414724823160992,0.47953963921522114,0.1797054053648406,0.36927795115023954,0.17840406610668055,0.2032935847570208,0.11562209693122792,0.8055916071998037,0.08292099660663094,0.38756511759585566,-0.013358648781189725,26.459504090709103
132863,Edward Miller,DROPPED,23.299108532949976,0.6387316771199867,20,1,-0.4892822899444237,0.05275835089584388,0.40865741204523753,0.04456702310387795,-0.012416200347711591,-0.10667316227874134,0.9266745360695586,0.11188649419389665,0.489425740063324,0.12371385059242732,0.13561389840535693,0.12289053753637118,0.8837202543078408,-0.05659822712117504,0.4482152580822074,0.0988567245865124,31.307819053955086
71192,Frank Tucker,BENCH,30.89688147734443,0.5628851683416127,12,0,0.4192570931646552,0.13096058552999368,0.21667700057662428,-0.07532758742426844,0.12603771487381565,-0.03129654105732718,-0.2012589736366046,0.1712404507220664,0.4511372247996347,0.11871041698325187,0.11761810300559755,0.24269268673730549,0.7281900364271005,0.020333086929563454,0.40359483115486,0.14252067677961508,29.039560983118257
58733,Chris Gonzalez,DROPPED,32.64040213067687,0.6590508689780112,94,1,0.011214496602483442,0.02868988006217333,0.18917565529901853,0.1764843573021066,0.025885283526887765,-0.07527567550623189,0.9791319686345885,0.15475169931056998,0.2707528310375969,0.12825523481006046,0.12866397402421115,0.13282582654677869,0.6988749779004857,0.1444737089293783,0.21955993001184515,0.11204195131680131,18.818775992852352
35993,Chris Sanchez,DROPPED,25.355086841503855,0.5907269739643122,13,1,-0.49316745357169456,0.006340775958857467,-0.06796640736938878,0.134067640987205,0.025180327255261155,0.12113991391111864,-0.12624405165946107,0.05489605316263999,0.6268934877964665,0.1526383142448519,0.17978805109236662,0.11523429020231009,0.751045733290237,0.11944325119954716,0.29222975976435117,-0.08185507596860192,34.48531480505771
171564,Xavier Stevens,PLAYS,28.659615063240118,0.7738847910160741,99,1,-0.2545515708226974,0.016944738437182,0.2603805893561386,0.20678475011630587,0.053058230752889096,0.04950694949480942,1.1403105256770718,0.20814058074922276,0.4608903913001934,0.2395793901511028,0.15770079412682805,0.12625331429169726,0.8164097529749947,0.13579962842950996,0.2863935823797501,-0.14759044083731312,17.191553304319818
162053,Frank Peterson,PLAYS,24.866129190807747,0.3268485392996534,67,0,0.361273614534823,-0.04171273611017541,-0.05383859789556694,0.08482509421055678,-0.14341206895123385,0.2756587073882672,0.3147331506575632,0.05237956644903113,0.38002305735672615,0.2199517620480402,0.20658676905733991,0.19719424980221806,0.822583878456425,-0.03415908044142858,0.47450972704132527,-0.0023754883834754548,26.34584049243241
34143,Quentin Lopez,BENCH,26.75721445355739,0.35312285423478024,79,0,0.5841408145108459,0.06253350269630975,0.15546112039605453,-0.012471629895627147,-0.12932539917894362,0.13816221435659146,0.23477051587111086,0.10863118845066036,0.3132506278532273,0.16492023418394763,0.16430362771444368,0.33982996181944464,0.6892629000373061,0.08607843176899851,0.46033461331782904,0.009408249508580047,36.30088043025687
117044,Klaus Johnson,STAYED,22.350339090456895,0.3868358184771699,86,1,0.10612765567542609,-0.03522866726427894,0.17066426609965368,0.11202661824746954,0.1386895612586808,0.26766273643977984,0.9636779747190762,0.051184813090800474,0.3854106538907343,0.1739615064681361,0.14902254918741045,0.2996713824683685,0.7872706543021915,0.03596938552810433,0.3110443755051251,-0.08962489063464911,15.600706035591195
191062,Kevin Campbell,PLAYS,37.59674831529826,0.6450855353021661,67,1,-0.19461540259786805,0.02899704332142796,-0.3944379517973794,0.08915950681298981,-0.03769616709175046,-0.11846504318891386,1.2763943057006395,0.12524028265903964,0.2582046412093558,0.13984141864996225,0.19000538134414263,0.13538307936805313,0.7304846586618463,-0.12517947508132768,0.22134657676477434,-0.0645976824159547,32.09948457135948
138406,Isaac Sanchez,BENCH,19.210218621741866,0.6227979363749043,54,0,-0.3262249069037305,0.08841615731711297,0.16087050753036264,-0.01898484302152416,0.01670486517903047,-0.34034305557179395,1.0257559136343122,0.06263210563282787,0.3954232621393191,0.20565294347081953,0.21265473910268234,0.15901196254942931,0.9026072654194852,0.09719411674711961,0.46823219534142,0.07954594825456407,25.03562922429892
79351,Robert Lee,DROPPED,37.53059291531956,0.746029430104847,69,0,0.5243843854423325,0.1466839127821551,0.4932212179717732,0.07383663006168874,0.19124386361229267,0.07915904341224818,0.9245860999102136,0.23270219336624826,0.46259437092180195,0.22041485071930572,0.12981842757429587,0.1893536751512232,0.7440725396192093,0.053130382907209395,0.46645698588925616,-0.008895822386059876,15.264955302682035
191071,Klaus Roberts,DROPPED,31.005256445344507,0.6664387264419491,84,0,0.2348403335341682,0.03302880670919921,-0.21377846334057068,0.026596893341354427,0.021213254407041526,0.06478642891905287,0.9330813256503384,0.13313585903257374,0.5987464983403779,0.13583570435013648,0.11498266942316687,0.3436788941050971,0.9016113573601579,-0.09032479214541997,0.4564238396092175,-0.054793774919923,20.711498131829156
80309,Ulysses Cooper,BENCH,25.964814727717368,0.5541777437822961,80,1,0.0009581138065761219,0.0888965644852826,0.09191620089802979,0.13922454139804163,0.008991118589283892,0.03526575025424755,1.029393132656997,0.14189915497288202,0.524949767079119,0.10627324356796981,0.16627043548117948,0.1017171405007147,0.7785693837805376,-0.1260784327711616,0.4535244913206505,0.03678780820857583,43.22838579811963
153518,Victor Stevens,DROPPED,34.184199634666925,0.7959158962318151,33,1,-0.07048153582266226,0.07935102003046514,-0.19206730651019285,0.10904082923785217,0.11960775894952894,0.0614956070755574,1.0688217176291026,0.11997004721817098,0.29463292525329654,0.19358334147444556,0.14984219496154333,0.15724493104756485,0.867975729747936,0.10110663919449916,0.3440762003258464,0.04582792679283759,30.634467165152714
171805,Edward Wells,DROPPED,29.66279518911595,0.43305397808464957,93,0,0.3015488913200885,-0.010590167265678057,-0.03412121582077657,-0.07619096719374276,-0.029826491655285975,-0.084883142167673,0.5634313699598281,0.17550123084035324,0.3090985297751844,0.1843768178702975,0.2184859804810697,0.2688278281948145,0.8030180685632431,-0.1263294511526397,0.25322949567487946,0.08081873305224066,44.916816138873955
129156,Raymond Robinson,STAYED,29.48128182025974,0.716595829892727,19,1,0.29329554822140813,0.1886242763539342,-0.18946652822304558,-0.0882907095233189,0.15029292292820395,0.11758144374613408,1.192701769268444,0.20688162332364074,0.42124934712734985,0.16031967325433147,0.14473064978068267,0.339183120280683,0.836588787239293,-0.122593840390069,0.34324641513872833,-0.10298721127112426,30.744502510942233
86000,Henry Wright,DROPPED,21.312987941298296,0.5133951860969597,57,1,-0.16897532403678364,-0.026099376230315465,0.12393134904958264,0.03922265917117357,0.117555791943648,0.13834318881228053,0.3210858648912798,0.17962934860979557,0.32828310065551514,0.19658409126598153,0.09040641719044842,0.09670256382927131,0.768606953258415,-0.02177751362870542,0.34837933120083947,0.07245517569809709,31.318092368708047
189704,Vincent Rodriguez,PLAYS,27.179836544853583,0.6243675694378671,95,1,-0.2427117472702827,0.027279570091965234,0.2190407204889392,0.05393831424551789,0.21303331953083368,-0.09396984604037291,1.4548359581728247,0.19964142367902554,0.2611399110331023,0.18259199469777154,0.21683166850886904,0.11821398625830373,0.8804620303422472,-0.10956065147415688,0.3469795259734582,0.02982851763312555,26.75529038798557
31576,Thomas Roberts,DROPPED,24.06235126299147,0.663634235226217,38,1,-0.22757080871404836,0.1363295802718742,0.1614607949153638,0.1413172128910192,-0.03903430432771991,0.0075636294980850685,1.2694661892730892,0.2311947327018521,0.572005952047228,0.1375872364891289,0.19810217238309563,0.11770840231712906,0.7775568150720975,0.12410087923281579,0.3616317758345349,-0.13272844040916085,24.301212561942428
13320,Yannick Jackson,BENCH,19.329614017521873,0.6168770435951682,28,1,-0.04046737414230697,0.13435665942390587,-0.0395273704186358,0.11159646926742667,0.16669746462024138,0.014976338103228695,2.108540602750825,0.22270930633428576,0.25780902827919766,0.15965934634340836,0.10495502015411487,0.05627960884762206,0.7872384939757465,-0.008914819121028983,0.27729710689734655,0.08323368847602333,22.546366593988346
151822,Erik Hernandez,STAYED,26.562092246424378,0.3702536515542966,55,1,-0.1069356360748269,0.02114563184285292,0.008590786510610876,0.2250422771855291,0.08540921070039265,-0.030497308259233483,1.1083090707833418,0.18481169055073915,0.5822758420792056,0.16421703546208627,0.2066447354358017,0.23123468749428483,0.8053036004692872,0.020745294196371444,0.30987235434008453,-0.035075915600044485,25.302618483920217
113002,Oscar Davis,DROPPED,20.8862647179377,0.5214755053739664,19,1,0.5854276054508697,0.09923333982725024,0.14084090291284587,-0.00606321571305158,-0.10253663836750218,-0.08933348681598659,1.345459811928554,0.09292759258088573,0.3076415852131864,0.23203719917133456,0.12769335491504424,0.2512109222437681,0.899547235515795,0.12843182684342622,0.3302559775890409,-0.050885719701108736,28.795532427012965
194535,Samuel Thompson,BENCH,24.39343079222889,0.5807191889665622,88,0,-0.051134186677831706,0.002082213084515564,-0.034838598520838066,-0.012914328331264824,-0.22961764244446561,0.05150059892305095,-0.13632297280756234,0.17754057020838576,0.6398713643228464,0.24413562311934392,0.13279567783482224,0.230757767037576,0.8478136785804394,0.00907896769150457,0.23933636285494997,-0.015577454525509682,20.759758506923703
36572,Adam Roberts,PLAYS,20.942849044844984,0.7245218795892984,27,0,-0.274899934384919,-0.01909431122392465,-0.09931926627734625,-0.06517768067740526,-0.04980268820953296,0.0812966624797158,1.3650180453834335,0.1512166191481022,0.49154956473047606,0.23395020435947456,0.20689480753070233,0.0713968968238443,0.7547481159697249,-0.04392265621280443,0.3366092403684502,-0.04614747680816128,21.746252754170875
27948,Gregory Sanchez,DROPPED,21.119774136684377,0.5218228743992861,4,0,-0.2580492322698582,-0.07702312584947518,0.06413094098470584,0.13992885377300962,0.059234780734575276,-0.023221853051715424,1.5058736134185584,0.19344384620208405,0.5439931886519582,0.20787670360779695,0.15421617910494417,0.0707690377236895,0.8510958901944629,0.08914653174474954,0.4431408851208779,-0.04851432233702728,23.146343060053173
126528,Adam Jackson,STAYED,23.179237182718953,0.7593736524021257,88,0,0.04480851968752139,0.07791050923834243,-0.04170623139086116,0.05261026208191529,0.07373479326078074,-0.0808946317307749,1.7028327760330706,0.216586329678583,0.29419345118722595,0.1877489100408733,0.09928681011579275,0.1131159663482372,0.8427279719025732,-0.017144940757436777,0.4484178628198629,0.09242330031018764,28.477796757925177
179898,Quentin Lewis,DROPPED,39.9968341342144,0.5201871115126053,7,0,-0.4466372368936522,0.08633767450147649,0.1617336875880464,-0.17243242203539755,0.024091893471493507,0.09926686940496475,0.8722798114048996,0.19854429943728352,0.594841629380592,0.20338924531989325,0.13166786230785257,0.1370883547096744,0.9293057827639113,-0.05445917231930837,0.3234691315703091,-0.11264842369029232,34.58440100442729
99051,Nicholas Rogers,BENCH,19.045867000002225,0.5743899296315058,6,0,0.08196378584128106,-0.025431143644452935,0.2948046100475376,0.07425984532494713,0.02498706340769672,-0.04207845702827863,0.594863974335194,0.21931223399225708,0.5856769371486155,0.24086638310990335,0.1810936424775033,0.2859630967730142,0.9024249308076049,0.06696883758166036,0.3556424936253061,0.14118002035723756,40.68438450858862
37867,Harrison Jackson,STAYED,32.41212535852851,0.6981428414714005,38,0,-0.30086285014446923,0.041448002718818794,0.48963751040586445,0.0819164201380485,0.01740064998998099,0.012895338368095317,0.14629113483402745,0.06277327466820477,0.5111970926166871,0.13749981028357477,0.10438578632952235,0.09781707972467635,0.8442340771253745,0.09048170298391292,0.210095099640517,0.016479493312302973,23.6139551156143
54678,Liam Jackson,DROPPED,21.966117658557703,0.5915338422110719,8,0,0.4475831100225104,0.23207907422975468,0.1507100368209475,0.03267836687025877,0.13312171337383572,-0.002329195378986397,0.20117842287977683,0.05632400764749279,0.45090994583815497,0.18026807615101076,0.16263236763689023,0.06322766491925964,0.7524521332052131,0.08751485027528141,0.4023297669405791,-0.09512280047360613,20.51185021024312
117561,Harrison Gomez,PLAYS,38.33319087092629,0.7801090361914123,23,0,0.1349687047725835,0.11173458400938915,0.19689582442293058,0.08559858235501014,-0.11362896982830717,0.19948503970035936,0.7846359952665702,0.1017001135399188,0.538595669252669,0.20344120285006118,0.17733837861221838,0.16819625231391655,0.8838729346583808,0.14330232423861225,0.3213817648840589,-0.11063535512049405,26.36542394551665
22963,Peter Thompson,STAYED,20.966290760006213,0.6301679152570638,79,1,0.736307080459733,-0.05211871540630891,0.010102398505880864,-0.09642828390708648,0.056828985753427826,-0.03657165568643417,-0.2508627983222991,0.23013321682172566,0.25237128613475124,0.2018870501986412,0.12813950057596113,0.1749176510425761,0.8225624879188402,0.08600008466248879,0.3336433049250037,0.027452859640494764,41.83149229115567
59434,George Sanchez,PLAYS,39.056326929650965,0.5613547270338005,91,1,0.03153982614933683,0.10012498238107104,0.019393483866768285,0.24692382009200325,-0.05227512758630416,0.2570631894810781,0.3390688351512207,0.2147318501967948,0.4869763021593838,0.13784184393652546,0.17714329641916515,0.18527220145668627,0.9455809964302704,0.08098003078460586,0.4621018181539294,0.039899833154078385,15.295821850114184
76617,Gregory Lopez,BENCH,31.829454137153036,0.3117959838903979,28,0,-0.8395231501910762,-0.05174894250005446,0.2926084369811409,0.09563113112911074,-0.060654106505743446,0.14027623257698082,0.8537132304563908,0.18654545955906232,0.5889624539716947,0.18800972910846278,0.20378902925610462,0.29807106320809057,0.7242518385709412,0.10724557612086608,0.3385503303681825,-0.13409226869105675,35.336058481732366
161341,Henry Jones,DROPPED,19.026629615225296,0.5068664487901648,57,1,0.5373043601068611,-0.21161746494837483,0.058550829977983325,-0.16284386596943468,0.14762305639068363,0.2685078410947223,0.8403220716261268,0.19015173348794318,0.39275995486990195,0.21938697136302346,0.14609634419265372,0.07940162446128252,0.6738967522792662,-0.14994444141136715,0.20635767386835585,-0.07709942576136426,29.314801392347444
127569,Quentin Ramirez,PLAYS,37.77415115625293,0.4496242096300802,41,1,0.2505769475431205,0.01836702853870971,0.11094210679086737,0.04929234808038692,-0.06832630769199427,0.12975665954956084,0.21836374797750213,0.19533409385164252,0.29331574259316673,0.17126184700753658,0.13360730594517,0.26118262472658865,0.6709675435663843,-0.0412705766436688,0.26824726726071874,0.08863857636644018,19.831386448820403
107352,Erik Freeman,BENCH,29.955947828705284,0.6740528339437446,86,0,0.297072363688202,0.1450561167674388,0.28344635051925016,0.09880642395825373,0.016048176610013835,0.023474666275739516,0.05968201372481785,0.2385205400969494,0.41835089989728247,0.21899471150481026,0.11516217619016,0.15138367131358724,0.8420091165055041,0.07128092881032663,0.34268618429247766,-0.13511261167694236,24.630645788234
89732,Zachary Jones,DROPPED,24.516064441940173,0.4041388375767729,35,0,-0.20077507692321475,0.1317958368349553,0.059705924217011555,-0.08355184899076583,0.22584984018789947,-0.0600839594982633,0.14929252616839006,0.2164382304615115,0.5408417796234029,0.15398238966318323,0.1645887671808626,0.142994040930641,0.9317780686734571,0.029915703333083216,0.32731888782456076,0.10652659917181082,21.748501316311017
117648,Victor Anderson,BENCH,35.11286272782823,0.4026100436470359,16,0,0.08714558332138331,0.05017881352741238,0.3250630656532223,0.11403563348161254,0.11380769680816746,0.007350633107087189,0.6674887047170781,0.17467807740540953,0.292920484148269,0.24081401907456385,0.20317928672542024,0.32976293782579397,0.6505795742874516,-0.09672839921051471,0.4581110411841442,0.04744874295790005,41.334965036703665
91494,Martin Ramirez,PLAYS,38.45997663162427,0.3947595216186884,58,1,0.15593826254069795,-0.02333835305999155,0.18595440040771077,0.2517110747610398,-0.01549703129603782,0.22847372302678726,2.077878285849959,0.18314308705142812,0.332419424085156,0.18008926607486514,0.1254525774059272,0.12454055732502262,0.8677313140873332,-0.05888007327343639,0.36264125279185,-0.01967302219103856,29.456201518349708
87225,Harrison Peterson,BENCH,29.15750728608267,0.36280780657811795,83,1,0.02865381471817044,0.05891597471301173,0.16830972564673224,-0.027324287265943506,-0.007237305840588092,0.04424734491861377,1.4362034516403632,0.09274805241222439,0.30902073873147995,0.18939219261889215,0.1354729734352225,0.24275955060180987,0.8471195547598835,-0.04896221667536796,0.4068907225745363,-0.04607014530872523,31.892828336174784
92867,Walter King,STAYED,25.62662296330533,0.4555035018354437,23,0,-0.42030884757604214,-0.0015328136248728488,0.0027716279398984217,0.10141264350439329,-0.09272028986582931,0.12931032645861296,0.9285166423305448,0.1814637650312545,0.56877910223009,0.10470423532068826,0.13692757245699774,0.13253832721282763,0.8696912576658398,0.02034843335169481,0.340796989113041,-0.1442253108453318,32.81062858011062
178600,Raymond Moore,DROPPED,35.567847602633464,0.7429610572217125,48,1,0.9306076144777162,-0.021092455357544868,0.17636889925751575,0.07503183187906363,0.1600645242266052,0.07483656140791908,1.1323344592062212,0.1349358024836917,0.27515704898099475,0.12554037056928916,0.15851372784885243,0.20214316479211553,0.7566216220287006,0.09947948893232292,0.3318967202177495,0.0975644837255529,34.18851373807068
88972,Edward Sanchez,BENCH,33.31749545355755,0.6874642361529775,18,1,0.3507487713484675,0.1049601761844457,0.03564310782006305,0.16619479997748576,0.1311351807921068,0.07995934142110894,1.409518924328085,0.08059237412114875,0.5246346008457732,0.19494008207065672,0.11197725461944141,0.28588786777888336,0.8961489333973565,0.12974753393330393,0.3338860005423054,-0.10718344380943856,29.866670711277898
106261,Peter Gonzalez,PLAYS,37.663802158755715,0.6676256081533967,18,1,0.22617521410611874,-0.02208286237684744,0.17041132842935572,0.03693897144510293,0.09866022738697812,0.08457916207578975,1.2053711905573945,0.21128056384931487,0.3965827683012766,0.1629805557673407,0.1951095617430786,0.31451675705487814,0.6634120794256586,0.07502772385609172,0.32327647090815165,-0.057137402441373566,15.536205925089474
100748,Nicholas King,DROPPED,33.54279426798505,0.6986684028249813,86,0,0.4941656863041938,0.11017892451808609,0.08472624013593567,-0.07800599516342428,0.10968329448091386,0.10944097841989428,0.6150740159436457,0.15204941996062915,0.552316497154121,0.1762245685687262,0.12138431885059098,0.30160917208851507,0.8766293301866083,0.10288511705304296,0.36157501575626105,0.020732094108841137,25.04168060743956
174404,Zachary Murray,STAYED,24.11409511689026,0.4347089446647858,31,1,0.2932576633116524,-0.02737487695710503,0.24502143564761789,0.15850186963696478,-0.04745246093974238,-0.04769289893089722,0.29264707605707696,0.24548500833788434,0.6357533675136151,0.10944571131005507,0.17875077672553547,0.22465422084339193,0.7301215824047264,-0.008971212464545186,0.27513302052608113,-0.07620221997862373,20.516197221629735
134481,Alex Freeman,DROPPED,38.5648442449394,0.7437208453762438,94,1,-0.10316086402391014,0.18467935638583113,0.09523432408048671,-0.07087127088641722,-0.12479124427358507,0.017011487491256617,0.7248354975646775,0.106335870894905,0.29581811983459294,0.22512028576155765,0.15185020384913728,0.12464489460146663,0.7930513324574214,-0.033067404113313784,0.46731655815254625,-0.0008578608743395888,35.404285287350305
139529,Michael Johnson,STAYED,21.201550691325817,0.3686516875708022,10,1,0.474934827345307,-0.11125075522280954,0.4056786325355045,0.26706336534715336,0.0860540425303809,0.08711759996196078,1.4025450001471524,0.14613402246101537,0.37575401642698336,0.2176758403444326,0.162025664469386,0.2483700149785597,0.8967908814671661,-0.0321874403567349,0.2999256644281619,0.0928028486216107,16.701139541101398
12251,Frank Bell,DROPPED,24.626797752243803,0.46817286335779096,90,1,0.35566480197340444,-0.056541546536365436,0.05866795324064111,0.11729232188182007,0.11885578736213945,0.06961846670002358,0.6377652947334554,0.13959909093377365,0.5740501710875427,0.12780309635827744,0.10514522343582242,0.2629715137338824,0.7314077105573411,0.03481155850198714,0.24425715025320405,-0.008838619562917538,31.914101733349327
186789,Michael Morgan,BENCH,29.924086762201597,0.5933740594836714,5,1,-0.09178574519421759,0.007570581264774182,0.019813785696473477,-0.021867128393843818,0.19070466831269628,-0.0053445524334680625,0.13719462251741021,0.07415590448651575,0.3564633544204706,0.1951494035886069,0.18290324774494388,0.053207597034050425,0.705562253493168,-0.11272898833325729,0.22896514357932354,0.13469320323587877,21.318951668229026
109108,Xavier Moore,BENCH,30.880582547488928,0.3514525441710003,91,1,0.3370044004855134,-0.13872351225504506,0.15191706802018806,0.18303819350075096,0.009910979372657114,0.0999921097713326,-0.2340687956645935,0.1352230557661559,0.3360482388184164,0.22274728174814074,0.10640687266596836,0.18176315327956238,0.8543939556043653,0.023848254837078364,0.2040268745360383,0.10425018611290252,43.46537515401184
168099,Adam Rogers,PLAYS,19.321522319165013,0.6650650938882124,21,1,0.02782899034717566,-0.1856788914204133,0.261680658374121,0.048897315916293725,-0.004675127858031924,-0.04253696278686629,0.7273815429930732,0.10751069128418499,0.5801511911475887,0.19612812046234002,0.09588630926784147,0.30297861284652927,0.8100184674520413,0.04953985805511765,0.3268568235700584,-0.050088229390981745,25.066228265596067
107382,Henry Ramirez,STAYED,35.392027242239735,0.4936230241017375,99,0,0.1625434599395839,-0.1380326093528487,0.26051477272409107,0.02343133268071723,0.006073979533054413,-0.09676074027235236,0.1846146544772952,0.08206409427338687,0.6448329456023881,0.14655971429437673,0.1565351299844302,0.1968762788729142,0.8043211606238554,-0.01832737793812836,0.2562832965636274,-0.03001136262481867,24.756635741239027
19583,Jack Taylor,PLAYS,26.59375368693318,0.6922028328042,68,0,0.2798951400739678,-0.003367136824880646,0.1250172166603746,-0.031704325131731784,0.09707438254328879,0.08539829214669725,0.5380904681742396,0.10643111680722786,0.4727522360591863,0.19841667257172507,0.17930159916847316,0.14341263264899634,0.727030854661374,0.1359501530313502,0.20649437077617439,-0.023001981893241846,42.701540039721706
60387,Daniel Garcia,BENCH,27.534789361044893,0.5464481427923014,81,1,0.510549310391488,-0.0013368007907290438,0.15086337412071776,-0.17538147994382047,0.0017910717324753633,-0.09381900850249088,1.6737395173119927,0.0966503382532784,0.3612194993333357,0.13156926215248183,0.08700501710086594,0.3115393313073988,0.6604640917460083,0.032463981713872575,0.3560058638868571,0.037853835877354414,27.52043760912424
33104,Nathan Perez,STAYED,35.996760433175865,0.39043726221266817,88,0,-0.09379879553811624,0.04663995849862926,0.1510807086058635,0.12252710844401928,0.02477609132366601,0.08361488029035624,0.7676901732518359,0.19681470620117564,0.40942638464002157,0.14773824959191312,0.08971534409167589,0.09676420925894172,0.7730807414995151,-0.08400015832901243,0.40399356459522845,-0.06396128124343806,43.88587002557227
22224,Frank Sanchez,PLAYS,26.964951226278437,0.6673809056776722,76,1,0.20948865419567902,0.00423988145789261,-0.06168092204421877,-0.14537521141811283,0.11310528912389538,-0.1845617194718504,0.3497235351507335,0.056155035651832025,0.3180521309534436,0.1360104479660768,0.19237508277882867,0.11193356972486011,0.6819678441403304,-0.006235122769945117,0.2257253152733313,0.1407747416467526,15.725110564005105
70624,Nicholas Lopez,PLAYS,19.99172240638985,0.42607197791947177,84,1,0.7047178678693586,0.04396131716086793,0.25361101626491456,-0.04519531982216539,-0.03258361552337359,-0.03699854069881592,0.9852507685951215,0.17349254958264426,0.5547549115563011,0.18353876535853098,0.1932645779310265,0.25621171008084,0.9217967451947606,0.0526213311405882,0.3382762318758979,0.03260526618105028,24.19033725606439
197130,Justin Wilson,PLAYS,22.705235179877356,0.5454051506340214,24,1,0.04718575119191451,-0.01601731315507218,-0.0886784648181001,0.10194134646203326,0.16911539854217633,0.010690770434106184,1.95257280024815,0.20213226840472132,0.5593896071291071,0.1162339970148323,0.11434266038827137,0.1557307824579725,0.6623750970415192,-0.0529112626258563,0.42308860358022404,-0.030179502377659942,34.98578880799293
114320,Victor Webb,PLAYS,39.07396662015183,0.3377666345784538,48,0,0.15896703330987466,0.07718526059773449,-0.061399801367718776,-0.010081168179461752,0.09330890073265763,-0.14279622095411926,0.7275822509557845,0.14614469129379465,0.6000483969529977,0.23999655705225081,0.1661319483920285,0.2639050507201337,0.7794952562553145,-0.12610751811329304,0.49574204630252755,0.043502944647470204,41.725708935829154
170371,Walter Murray,PLAYS,20.478512610452796,0.6089333272060183,93,1,0.7042691423433963,0.06754480025388176,0.10825406267821977,0.06885822449491381,-0.15576206293403155,0.005279327255219228,-0.6133157815911827,0.23631299600158368,0.26064102543862555,0.15002685304943003,0.14204521052025235,0.09731108637784758,0.6656736751102483,0.0250306904132655,0.4001571033927683,-0.031378496841087705,22.69216779024852
88572,George Roberts,STAYED,26.45355522032834,0.6329288831081386,15,1,0.29124324158473136,-0.00613540958860153,0.05202103987816877,-0.09564343767395837,-0.021535419652836493,0.19220235655428936,1.1900459459155879,0.19157613904730708,0.4747925366505517,0.1328455190658702,0.1685774457964918,0.12568072688025378,0.6786631623694299,0.134361050585904,0.2734518652428562,0.09533870429382565,42.91432775891005
95469,Yannick Gonzalez,PLAYS,29.566762508078234,0.48933710498639177,35,0,-0.3421940837483347,0.06264091477379123,0.21942360990631743,0.008184875223451828,-0.1724343498206109,-0.10243704722602666,1.0078580365561023,0.19958473026228346,0.33570217373727373,0.17448247204027467,0.20080309977389155,0.09699421350909006,0.8476600000766066,-0.004478404331047875,0.4149660919336999,0.020352288165516375,32.82364399497564
87928,Ulrich Rogers,STAYED,29.35889737410976,0.7772113901605369,7,0,-0.13864329564630942,0.004748325124106447,0.16710290090052712,0.06960628459498257,0.010332060171319948,0.008555210537437921,0.8540734132974357,0.08938669748817406,0.38635320619694286,0.1415496727682074,0.09117989944151592,0.33587309406905286,0.8441333782922283,0.12183272419411137,0.379378828045949,-0.1374088489781799,39.03024729593748
14141,Jack Stevens,PLAYS,19.083158803255,0.7370844607410342,92,1,0.30687376430963287,-0.10178607323144843,0.12073020806060385,-0.0641767019122866,-0.01983111041205357,0.25431736032466395,0.6684936448034193,0.20545911516781473,0.563982246114603,0.18023561295739665,0.1889178196383836,0.17162118825527722,0.6599156584638319,0.10050707651150817,0.2635397865744643,-0.09697293977296177,26.916219129206915
164422,Ivan Anderson,BENCH,29.524417360607295,0.6539704578699974,79,0,0.22690147236714253,0.09235973131060972,-0.06883009939580753,0.25236361732903057,0.11348547592001887,-0.07742330356129216,0.31563669506913095,0.21641894721662297,0.32681346094459846,0.15227637246731282,0.1490240746329455,0.1511659729730678,0.6503394425362611,-0.10577616490980499,0.4553332477542664,0.10949819190886037,21.365411477006198
80871,Ben Harris,BENCH,27.059221617525594,0.6568260372468713,29,0,0.14877396002164583,-0.05254528372787434,0.10398401572951031,-0.026490869545687287,-0.0581018348955334,0.21766680220806467,1.7089845343603143,0.12225327768119792,0.5053367002324358,0.11981002161535613,0.15897777212667952,0.054260646851229416,0.6736454231728353,0.06245097655067125,0.32822132816828026,0.01886994790703697,42.3370624634308
146149,Martin Wright,PLAYS,39.4136660449657,0.4262008574710756,80,1,0.7483672549499393,0.09150591641134138,0.09212327963178754,0.2154100145619086,0.068773500193449,0.016519366394484467,-0.30298560082542836,0.09267261360659425,0.5118264764894394,0.1398842863040893,0.17155039040239684,0.09602527382326623,0.8788996693135827,-0.019360342478406456,0.48859329642023774,0.1351030429541715,42.99407605218656
56015,Isaac Scott,DROPPED,22.342340763870425,0.6284076155442244,26,1,-0.08524614684751841,0.04592214176936188,0.1333280105353255,0.029863334630424017,0.08688476094684339,0.06222945030594981,0.6146233515129564,0.12701013584072335,0.6316375659609204,0.16576597674422877,0.20916724087807503,0.17634075687274986,0.8253729418254521,-0.07492610242111893,0.4168703022343334,-0.12827330614179455,29.927254324624066
181929,Michael Williams,BENCH,26.437238131949396,0.3991031326177598,69,1,0.07767585297038916,0.013238215278630179,0.035494299185854325,-0.13821706792976246,0.05571948522280143,0.20497786776912613,0.6005958970484763,0.19792159380002744,0.5600643714115748,0.10454398397194385,0.0879407934972433,0.07055083777156822,0.6614354735565475,0.056081506700010914,0.39336894638954667,-0.06142181097420782,15.194850479977696
69902,Quentin Garcia,STAYED,27.809111186886213,0.37200161195991105,65,0,-0.48893306283147064,-0.1301594716360869,0.17842263069903147,-0.08642809703147832,0.14401235817725286,-0.008211752716122317,1.3120650814383161,0.13352780117374055,0.5714540588614774,0.2155963790522143,0.08412668929742267,0.2032217988518651,0.7964291047618481,0.0727982155969264,0.4185058512429686,-0.09193698802812822,18.293488610112135
15577,William Freeman,PLAYS,27.204564279119925,0.7997339471012901,96,0,0.44819796664029166,0.14317964459315552,0.04801584434396996,0.07112951467176559,0.23682888508418756,0.1257230808084182,1.5413963872302463,0.1973303750449576,0.46264029960715736,0.19327368468856237,0.10495664940842829,0.18650463153933433,0.8636088071163354,-0.09603110437954836,0.34342910564546647,0.016152087668620863,32.19083880695165
30002,Samuel Williams,STAYED,32.98244738068911,0.6111879657365871,50,0,-0.13965569031877398,-0.009049108908327073,0.16436701976936685,0.17393309030701087,0.04119419426990675,0.1561516528070705,0.6639597139835045,0.07271290819550753,0.3247123228649483,0.19020394109175315,0.21810268164374313,0.2801504421033056,0.9106854183802419,0.12433340461686251,0.35156794334050223,-0.035162150676027196,15.713301069056588
60711,Robert Campbell,DROPPED,23.525770008503144,0.5154939363285953,65,1,0.41714103064027874,0.07076508697244664,0.21940713611286267,0.26237325591504357,0.07051795168903682,-0.02809768086904807,0.915779511361212,0.2112023420976969,0.42022534628734065,0.1819074897824149,0.1801106914328886,0.24794081042009497,0.9302109471977031,0.07534417318543227,0.45536221563342316,-0.10281793977708203,26.90735771960086
49451,Ivan Simpson,PLAYS,23.642502609093828,0.44408226144197566,80,0,0.3856090394311904,0.01088207013033751,0.019810675202143926,0.06538624743119537,-0.058027695383211036,-0.04137162005185546,0.9667920886863434,0.10064149632847148,0.4697958294047282,0.1885469758487603,0.16604975666763028,0.18378419159617215,0.74823216888622,0.1300126497425906,0.4042785609930508,0.04282557418786406,24.101098367160375
190175,Lucas Jones,BENCH,34.31342991851791,0.6019602218311138,14,0,0.8047297776363336,-0.001714826844991038,-0.015823770527222752,-0.09126924969934976,-0.07195234140232426,0.022567628522124034,1.4319957436457504,0.09978579754291875,0.5213677006854849,0.2401977929060831,0.08658546747806471,0.11739821003152143,0.6907497285239798,-0.0548780343708927,0.46917299755749253,0.01088950973915595,36.430448262066136
169719,Chris Hernandez,STAYED,29.506100892241772,0.32479675411004305,30,1,0.29478267295936356,0.035424627071759154,0.17145492347040087,0.08341820966536945,0.1333829650332728,0.02632215906065126,1.419638268417839,0.16807619304077215,0.4930836447327709,0.1012853816216111,0.2030754313450151,0.2680590698053419,0.7210777762194343,0.13180050472289603,0.46724802607228055,-0.06757912461110971,16.66736018843806
44831,Edward Brown,BENCH,27.71826919720352,0.3473404952523975,46,1,-0.0068259872960326345,0.022125782675347754,-0.09816495210716442,-0.04902576080321837,0.1201525506103358,-0.07947375749094267,0.4769518733006415,0.06402360914939793,0.4075911315668974,0.1071699564486624,0.19378595946160235,0.2623586310362613,0.8828514476120671,-0.039444702648485735,0.49294701021327475,-0.006068592665286671,29.661938069318623
106498,Erik Smith,BENCH,22.55326408522229,0.31642834887019816,95,1,0.23608688799912764,-0.0013594232140630262,0.26674971323380936,0.09706299454334624,-0.07296198741712633,-0.026992059840163785,1.0627408408617864,0.05525954533693372,0.35612524279833657,0.12872401148962034,0.1730720061413919,0.09598884815461622,0.9414452645126932,-0.13380907157178248,0.41006439765360025,0.07372149451235685,32.37342809626816
138949,Adam Ramirez,PLAYS,22.9380716811555,0.5495849166313309,45,0,-0.12777585434857633,0.015574835311027796,0.10164439256754625,-0.06297694628866596,-0.10082205425094726,-0.36602849882465893,1.0299510754837184,0.10220573305868985,0.3172923372814732,0.12509520699897253,0.12747831416785838,0.3244255494276208,0.7899180852081141,0.078890816612707,0.3506905152985226,-0.08841849763480245,33.51873228157853
105119,Daniel Moore,STAYED,19.22158437313391,0.6003033145935912,19,1,0.1957480532526727,0.0541651725017368,0.08278623971524524,-0.2007484284603775,-0.03487368046805897,0.009887278004671235,0.7304540318900786,0.15761351014696456,0.5275381545089066,0.1271791689203774,0.08987069377955603,0.06932153480451295,0.7416059640643369,0.061052443226502245,0.24989351006272473,-0.06212827598948127,27.154730160508226
76830,Lucas Gonzalez,DROPPED,20.919951646095893,0.3312398806789104,42,0,0.03972924833728832,0.059825534140663564,0.18190238775268391,0.20802267915438782,0.015862203056588926,0.15732730163615807,1.0242690404192958,0.23152327724504546,0.508159469724994,0.20079158287729754,0.16120538830612915,0.06651131266781486,0.7787571745880103,0.029373297678999738,0.4116141678942252,-0.046166703871765455,24.13103350288653
90632,Patrick Johnson,BENCH,30.693612588495064,0.6606122337494582,51,0,0.07889846509843856,0.023468577019514356,0.17259317806331453,0.022829992238568596,-0.010912640848324412,-0.15000269617294593,0.8121126571257351,0.21928703526146137,0.5249489863031227,0.1689224951575248,0.18075724000451726,0.10620512529872811,0.7414439433935397,-0.003031876684747803,0.28747331502797924,0.07401793116030947,35.474791012114466
46833,Liam Reed,PLAYS,37.72933573017661,0.4151975357572822,87,1,-0.16950994637826908,0.06967495918515512,0.10097771124683608,0.055959240057989794,0.04605148683322527,-0.005577343785224023,0.8947343594686918,0.1480892919841951,0.399010981121118,0.24876683175020398,0.09319364906681464,0.32283823941463136,0.7269462569621463,-0.14035041890321057,0.28488427041119935,0.10407677986527211,40.42707144307485
34398,Peter Murray,PLAYS,25.030460067741707,0.642600726884933,59,1,0.19013381792883294,-0.013925584355446923,0.2317924615902871,0.16960416490874258,0.12170625123726056,0.34307993694118666,-0.013603787027499314,0.057410398738698555,0.354963129028298,0.13403288722044174,0.16872747237178942,0.20599943721107655,0.8281252257221539,0.0373791754560463,0.2714863329344204,-0.03708345106751673,35.80852913348636
71554,Xavier Scott,DROPPED,25.88269174381869,0.7909485700176229,89,1,0.3472690077058206,0.19799091047971643,-0.0008582458025378215,0.2754616051197745,0.07621043787549384,0.047292795039975924,0.24922317675882255,0.15705054692586184,0.5538885314723702,0.1466245151541242,0.1200912495042022,0.28638227620187,0.6547207941120633,-0.024949615433161904,0.46253661720543504,-0.061013741449824535,42.963070963716646
60755,Victor Torres,PLAYS,21.427717822841757,0.6455529350269256,86,1,-0.3956290384015181,0.13884708864062245,0.2068534739940438,0.13640967825787484,0.08361209976841237,0.21281532413695647,1.290653305743915,0.1909591199850591,0.5594589580221336,0.24763610752024737,0.18699419097077363,0.11835295642295018,0.7278656745994965,0.0180628208222835,0.4603893340046475,0.11683402750550317,36.51790576073782
158778,Kevin Porter,BENCH,27.16124985774916,0.7415965264618043,66,1,-0.1065777959795412,0.0809954395865289,-0.061793520750361264,0.06236019394443335,-0.21515363944088775,-0.07142983860294368,0.07364727390852888,0.11783290650500676,0.43224654958673625,0.22476372112033705,0.1555462190842572,0.19706659239612223,0.8484146233534967,-0.02120359740970912,0.38929113346101746,0.14980947965780364,37.938562020408554
163412,Ulysses Lewis,PLAYS,19.781655795955913,0.7740992533715336,77,0,0.1504141507540811,-0.13532643950696405,0.17659734865977006,0.1055447451335888,-0.13139030201190827,0.10385820869266704,1.0820655255174163,0.07221266065633095,0.4947616339069297,0.1704698831017799,0.09806515029346113,0.15748683908716468,0.6596188088920415,0.1398168398295597,0.34189429441122077,0.05110609189853971,20.037095898062667
74994,Justin Murray,STAYED,38.269614621499905,0.5433755241761578,59,0,-0.6041949923640242,0.06848153110839857,0.05081900552995645,0.014626034805603517,-0.049645680764605765,-0.0918661876050026,0.7511444113847294,0.1057135906411319,0.3994078656926965,0.18318953283189848,0.15371272268265307,0.29834858211985776,0.6749605449526805,0.03123267034525415,0.4016343380296397,0.14699418449675425,27.586189335801354
73884,Oscar Young,STAYED,33.135338310615104,0.6511624897098534,76,0,0.6220793301138756,-0.0069309666289643565,-0.09666290935537863,0.05433372541875673,-0.03313936481595066,0.0981277537933141,1.4183928375978985,0.2043177728935628,0.5307788800479227,0.22647668809792607,0.13540316087134063,0.05678133180776799,0.7380188434357354,0.07477089918074015,0.3821688350895172,0.047989883340573,29.55165992867896
94361,Quentin Rogers,BENCH,39.8057249972576,0.7259846267779209,76,1,-0.11333324436591649,-0.058294458512748226,0.13849642257165592,0.06738363654310209,0.11398278349392335,0.151069788171174,1.1892803252580113,0.12024876645666567,0.5842886386591486,0.1721470369069492,0.10524983555943127,0.1231528189898316,0.9133414395826954,0.13090408424132496,0.32472027449701624,0.07003808160234748,22.68879486883823
27482,Raymond Thomas,STAYED,37.539286416248366,0.47830445643719305,72,0,-0.18142625562752843,-0.008967684024385577,0.09483602602739064,-0.044395030816376,-0.057890143146813164,0.1225971014635611,0.528032497725899,0.21239629813714206,0.5252933109342598,0.13090355853731264,0.19781220136869726,0.09577226729071364,0.8794658480495888,0.02747979687502189,0.3138892602456903,-0.0334031995369459,30.856195810688636
64225,Jack Freeman,DROPPED,28.932802467661205,0.43069865828019743,90,1,0.03779731712296347,-0.049426778714353595,-0.13140882642231927,0.05254083042534522,0.09669276613573682,0.008607520912217885,0.6660509912770701,0.11390429036149517,0.4550330507388546,0.2242666807831578,0.08154398278987907,0.3077567116164708,0.656646988824873,-0.14638124465327976,0.31483829244360506,-0.020109735900283948,23.723758326655425
199921,Gregory Webb,PLAYS,29.913385654157914,0.7732992863891693,78,1,0.14121185163946712,0.06054424750076047,-0.21704983138395958,0.09405222230047162,-0.04851057388062982,0.082992027922147,-0.391322688736051,0.08271100768276363,0.43346318379694815,0.1806658736913465,0.12369795876293484,0.19026315490812973,0.8005138450065475,-0.13971249650683729,0.37674002094681147,-0.10675930080318145,35.62506278413248
84854,Ben White,BENCH,23.002096976861072,0.663151750184409,45,0,-0.12694186938570123,0.1492795250050582,0.07716042498737577,0.112042027709066,-0.09008842873928155,0.08413903224913943,0.7217611308843628,0.13716967190272167,0.5069278603902978,0.1229563895745732,0.08176330534371974,0.17126601316796486,0.732406248196225,0.06070153023055855,0.3943008068362478,0.09682500442953695,29.108654301095278
51256,Walter Johnson,DROPPED,28.702826199630668,0.40984106668791315,25,0,0.39412409979667806,0.08608230333654256,0.3427338941052741,0.10247885389151776,-0.08544496590437917,0.12991875865461827,0.037910754437485816,0.1404549024578278,0.521924356640532,0.17583787467765966,0.09344097251086138,0.18484482863032398,0.8445936977186188,-0.06627445915461495,0.3355225260546326,0.12931770926616,28.764208628071067
118721,Michael Young,PLAYS,37.963585343349045,0.5245416963380567,29,1,0.21991196183236694,0.24100201926316686,0.1481522512308866,-0.11068302616892488,0.25582664932892224,0.035147966215209644,0.6687761851948661,0.0532216437098674,0.47349177740981563,0.16198050708952882,0.12159347068423135,0.34157736521070053,0.8664661647780383,0.02381391820438461,0.4906074350639129,0.037031440108233615,44.50927593098435
91110,Oliver Sanchez,DROPPED,20.067921896352242,0.6982258847689047,60,0,-0.1511725680816067,-0.10428899436603237,-0.00024548550716663176,0.1975110731119588,-0.05073649685099943,0.1617366560282281,0.41724905962647835,0.07340901454126524,0.49997691004295797,0.2315263797822637,0.0875979659545123,0.3050802183007772,0.9088587731387847,-0.08931684567279932,0.22515371540134432,-0.046905807466380456,26.773345456277113
123606,Daniel Williams,BENCH,37.1346928629645,0.573531495459221,39,1,-0.05672153507671143,-0.02048277635752854,0.2622804273531785,0.1875537472944579,0.09909872088603408,0.22215264791552697,0.2740224788663115,0.08698520375456349,0.2886354729978129,0.11890831470410551,0.16352827452999977,0.26191063155509225,0.7926248711312043,-0.06892533748148576,0.3041141077861331,-0.10379510238769012,25.86886297768705
24650,Nathan Harris,BENCH,26.159903834494806,0.6249760490829446,8,0,-0.35503090891709577,-0.05544201538738483,0.2360835426811838,0.03846219101374533,-0.12581984297502005,0.011855906395399976,1.5126347072721282,0.07271746347573499,0.6307062064569307,0.23128147066720384,0.0921608071180656,0.13714368776697639,0.9483350265636753,0.001392316784422587,0.32572240493763227,-0.07045313108840552,24.55813113847963
187190,William Smith,DROPPED,37.8897680670225,0.6768841010225262,67,0,-0.27600226866045074,0.11834946514878868,0.29073686169840784,0.1046610434126521,0.1718929004178735,0.055572767353035256,0.034273461795767735,0.11830521508427277,0.5663092254928137,0.1768316525215427,0.17823990876925333,0.09955189985553434,0.9439958321861328,0.14267083900682462,0.20507640303948294,-0.07337687374444701,41.842476629273946
38930,Chris Tucker,PLAYS,38.75847803317117,0.6110045944044903,8,0,0.21627949846370845,0.0023559714417169565,0.20258466465140604,0.02401354794697902,0.0649041145063713,-0.05857777405740548,0.22216093195289277,0.2429245711234036,0.39957114788271353,0.16065466449717214,0.08736989576780256,0.326430088707336,0.9146500173413099,0.03488114676275747,0.3094871563004675,0.03405836524907191,29.901714782945348
110400,Zachary Moore,STAYED,33.08816262704002,0.5700396609610978,52,0,-0.14805936682094856,0.035161295718180316,0.23288534846668119,0.14023491953737596,0.05739788687928871,0.09083087885891215,0.3810733739659523,0.1518445076654156,0.475125044381452,0.12429507766044105,0.08830324527215355,0.17692265683894487,0.8224608485474212,0.13084443135390697,0.28211297515185274,0.13351123960908132,33.00043432441906
21801,Ivan Phillips,STAYED,32.95289951844624,0.6748071421938867,24,0,0.6412853359147277,0.07069484255784475,0.20966627965188459,-0.047712621536004335,0.0713827323143319,0.0915965273336953,0.5113291646776453,0.1755112047741293,0.26892981205456856,0.20512269439580189,0.12274562586465729,0.13362673984058876,0.7694019312511445,0.13781395631608426,0.3518108810682442,-0.13551843391260557,20.42455437007185
61360,Walter Lee,DROPPED,28.50784109188354,0.6637815177161004,90,1,0.12127696009274275,-0.09638310804293936,0.028374257887535864,0.21109527143491097,0.08239997244453506,0.05695836620404428,0.2739328931170735,0.12127729570460564,0.2664911255996242,0.23902100636650608,0.20552001349569887,0.19127624792529063,0.7593158930419355,-0.08756700107384777,0.30092316415498077,-0.1496933101216656,31.228270800147808
97908,Alex Lee,BENCH,36.54634471541786,0.6149362000915894,27,0,-0.3058470275311985,-0.029707917056399743,-0.14559211091053928,0.13426491341815483,0.110906725884488,0.06600795851615235,0.5845109046162245,0.11469755232862922,0.3503193340447851,0.15630660308489797,0.16979505482126434,0.3253542268461056,0.6536374250263235,-0.056641919259316664,0.4178546404839384,0.030054583294297665,23.23944578605465
157631,Adam Morgan,PLAYS,39.19386792709895,0.4798947066909648,81,0,-0.24300418582026875,0.09978127629583315,0.021829690631042245,0.1370520549882669,-0.029909741820902808,0.28061916668890247,0.9812925900913188,0.05462935438300168,0.5258806569458494,0.13623775010062503,0.1878183808700487,0.16612019401738795,0.7247523491727099,0.08099768436561122,0.35297974862229453,-0.06478186137608542,36.91910763788633
42334,Frank Porter,PLAYS,35.2767178071215,0.5029060461001358,92,0,0.41589090840442844,-0.023847032040633567,0.26574054655020307,0.037393654828901925,-0.035758829377212226,-0.2964067364876172,1.2019152548173795,0.15006673113520447,0.5908590991200047,0.18323003754987355,0.09981729532679486,0.21879229917442983,0.8656424704847494,0.11002920068740316,0.23892867004887933,0.11416450270168707,39.975850463771465
23288,Stefan Torres,BENCH,32.0606714088909,0.7852192744420488,74,1,0.0770459192172777,-0.11709143752549538,0.04284837458581427,-0.11951422059192317,0.03492238780480677,-0.009598825355136426,1.1727847744461517,0.14672180135033325,0.47367435199193936,0.21942789226508053,0.19677756065461444,0.29088989033257,0.8310896299679199,0.005768023256858323,0.42501839724330415,-0.051824907628254896,36.44432076393833
163470,Brian Reed,STAYED,31.742650812248073,0.3561929661457629,53,1,0.3975984479672907,-0.052181031014739865,0.07818114233389661,0.15607216401449236,0.0984427760418309,0.00875315862895041,-0.34492154699863864,0.0815661452362246,0.462853095832941,0.10056515418257997,0.08114047474719292,0.17813975931451737,0.9249266567502601,0.14796782018416474,0.22976866882480299,-0.0630787198413332,36.90732498810772
22191,Quinn Roberts,PLAYS,36.83886793325691,0.43425245862641765,90,1,-0.009946394023419694,-0.0029014442884212413,-0.07486773997196672,-0.11554736018830604,0.023334452377751072,0.22482951355451614,1.0281175361068624,0.20286480004134072,0.41092381351658636,0.1947066154593144,0.10982802910262086,0.12006254057791049,0.6650066800749673,-0.1465283403734189,0.4517147504238072,-0.06914681363451082,30.37424112358551
28051,Chris Lopez,DROPPED,30.365279081197265,0.5462008796021678,50,1,-0.06806962775105302,0.033340841591154254,0.017336564176116565,0.15751671922694546,0.10739017957991033,0.10703465711822967,1.0651390956278761,0.1485348660622006,0.3146391823832085,0.18947740010479464,0.16625292496099908,0.34835772451491,0.6965829809531991,-0.06012220332443531,0.47942665822586583,-0.10654415181952676,36.36354169002406
71715,Nicholas Lopez,STAYED,35.88105761122527,0.718364843071893,72,1,0.4358342113103155,0.014334935203958446,0.09863662498248611,-0.042655266019866786,0.09178367827019174,0.10996230033657875,0.40256051377329455,0.11779879403231466,0.297341640530635,0.14772282787062402,0.13253449720316707,0.33697125723564786,0.8867731368056391,0.03694852612337396,0.29673358705545616,0.024459142283133173,27.680608065244808
20737,Ben Bell,DROPPED,29.68659035865916,0.3818378318648639,67,0,-0.15757321310857778,-0.02913742735543794,0.17388432667881298,-0.14044583848367248,0.00830167385839736,0.20118274290837496,1.8006105237842833,0.0793817818045854,0.5542719044883864,0.16771345054074555,0.2177870748405989,0.30304375073765416,0.7575522893586002,-0.009213026718755152,0.47784278997887925,-0.09953591929973699,34.54467460588839
75140,Victor Thompson,STAYED,20.311329774452407,0.4384773090623049,62,0,0.2467162400111085,0.09514507510787756,0.03120085492365003,0.05011996444562368,-0.14471799697808496,0.02840519578360632,1.4525997390887522,0.1604321653942025,0.6210014205186303,0.13704448362427313,0.08424749455456455,0.25651216381577674,0.6855036001153634,-0.11501911007135977,0.43790244773676146,-0.02261065206291274,22.77117630361544
166323,Edward Jones,BENCH,27.06288718698726,0.3328991088976195,48,0,0.03646491687958965,0.009675125075047305,0.020719386157345157,0.19193606606460878,-0.020352794535391135,0.1282791842993878,0.6901853701153734,0.20056340521776195,0.4333132865545093,0.21848286069277642,0.2198037435111161,0.13845968842090908,0.9489351515300267,-0.03966387435583092,0.476730683301131,-0.011708384323305343,17.092710369360304
