playerId,name,status,plays,age,origin_median,n_matches_loaded,mean_GK_PREVENTED_GOALS_TOTAL_POSTSHOT_XG,mean_GK_PREVENTED_GOALS_POST_SHOT_XG_BY_ACTION_LONG_RANGE_SHOT_RATIO,mean_GK_PREVENTED_GOALS_POST_SHOT_XG_BY_ACTION_MID_RANGE_SHOT_RATIO,mean_GK_PREVENTED_GOALS_POST_SHOT_XG_BY_ACTION_CLOSE_RANGE_SHOT_RATIO,mean_GK_PREVENTED_GOALS_POST_SHOT_XG_BY_ACTION1V1_AGAINST_GK_SHOT_RATIO,mean_GK_PREVENTED_GOALS_POST_SHOT_XG_BY_ACTION_HEADER_SHOT_RATIO,mean_GK_DEFENSIVE_TOUCHES_OUTSIDE_OWN_BOX,mean_GK_CAUGHT_AND_PUNCHED_HIGH_BALLS_PERCENT,mean_GK_SUCCESSFUL_LAUNCHES_PERCENT,mean_GOAL_KICK_SCORE,mean_LOW_PASS_SCORE,mean_DIAGONAL_PASS_SCORE,mean_RATIO_PASSING_ACCURACY,mean_PASS_COMPLETION_OVER_EXPECTED,mean_IMPECT_SCORE_PACKING,mean_DEFENSIVE_IMPECT_SCORE_PACKING,mean_TOTAL_TOUCHES
100709,Kevin Harris,DROPPED,0,28.247387251758298,0.4541775353161551,16,-0.0787904915804698,-0.006862289419233766,0.14256820417571203,0.07926691299445411,0.08656329018867201,-0.04000272178788604,-0.3338220901729272,0.11286297574493845,0.3932341207573513,0.18060366238403158,0.09320377120478467,0.3455101535017879,0.7939100487600637,0.13176554846330554,0.3302229182590759,0.057597756617023294,33.26191447754546
63270,Justin Scott,STAYED,0,33.849532892832,0.7422482673969317,36,0.2827716492669259,-0.005368226605917258,-0.1137148480582234,-0.0931568045222964,0.05725179902295931,0.1885997072649941,0.5473218591193496,0.06693396285505789,0.6076912170960989,0.17038674188058095,0.13993792709941985,0.316785638622279,0.9076736978286923,0.02399499613562517,0.25759265175777135,0.07588457989893319,41.28669879394923
65535,Victor Peterson,PLAYS,1,31.341050080938466,0.6381168675202387,77,0.0004405414534062596,-0.04427474193370057,0.0681322445930416,0.0028728513889018994,0.13304387856367914,0.07323941174201591,1.0687584396637682,0.14290769270488385,0.27807864456308545,0.17669868154916896,0.2176560655346198,0.2813940899675042,0.9187504030070486,-0.07875932783317628,0.34646580775977154,-0.10455536609101254,41.5133237462576
26220,Victor Porter,STAYED,1,25.67672592384328,0.4704582045960452,59,0.19743447823303437,0.06569793681889916,0.054685443846309155,0.005424557469477752,0.15914688890653633,0.050351116001532525,1.0743348871696061,0.1996220482319871,0.6421288290911304,0.19545221879005847,0.12603662656336664,0.17345348086976312,0.9368678591228461,-0.03041131150677749,0.32036444831339866,-0.029823192804056653,18.254950352113152
23392,Kevin Allen,BENCH,1,30.630449233224294,0.5717671891870618,79,0.2439819223444836,0.13125148767599656,0.33811009036233053,-0.16311786963542713,0.06070030600053617,0.07134900696939853,1.6116554183688578,0.09433276861747766,0.4965167161017844,0.1990003906861899,0.2027000984779409,0.10515371806678933,0.9138689712838344,0.07749171405398797,0.43866900875068093,-0.005154751694876669,27.85050851439452
143318,Justin Young,PLAYS,1,34.34484457162061,0.7202679399745968,99,-0.20215849625809348,0.05760109289973292,0.15999948294154098,-0.06771360724160433,0.059173272537830904,-0.07848020456999162,1.5189352359207722,0.09398490960787485,0.3233857015875394,0.14334367287110758,0.19804787982731592,0.3324233544255503,0.8240130665894295,0.04526504553716085,0.4290813077488985,-0.043293783031687696,28.941658685962484
30010,Trevor Stevens,STAYED,1,19.889033863952335,0.741684149015456,57,0.15046916235510832,0.02827055969696761,0.12487885401980092,-0.04249763567369072,0.05141109822861335,-0.013318453141400469,0.6286750248156658,0.23944540546934218,0.5216276395907875,0.12111150450867299,0.21328817856160948,0.20970533795514168,0.7833816797708303,-0.09666049843042537,0.24019960436170124,-0.05336622120925856,44.3284610257126
136951,Henry Martin,STAYED,0,19.235185410369787,0.3801969375030726,68,-0.5483911658907086,-0.05891523992793972,0.22554867319505106,0.22203500237851354,0.07891305566492876,0.050429912219933995,1.579922746118363,0.2408307454238356,0.555352503913425,0.12349512717857782,0.19061533171739325,0.3057066381162455,0.8824549539602297,-0.1346281376560726,0.22655571576892028,0.055925968199292575,35.339940457277535
78358,Quentin Wright,DROPPED,0,28.619405720530718,0.4697865706040848,95,0.24476011294635552,0.06134602126595608,0.1552746380258558,0.0729740859148823,0.03551706378714639,0.02664035659703841,0.3715749537335271,0.24809314641231528,0.42173711334830977,0.19590863288545024,0.1723435557882341,0.15262850172782771,0.871946490309679,0.054888478062619456,0.4724461829682509,-0.08524008070215343,27.217392517862116
158306,David Moore,STAYED,1,21.768568973873798,0.4676115901067858,39,0.2981029163688045,0.1925079705383439,0.031348451051735046,0.12946025047369997,0.029939151767771052,0.20269140593799145,1.3585324296751025,0.21153192031495605,0.594653042498219,0.2309309928650689,0.19992182219184407,0.15058649512384117,0.8114430290244363,-0.07467629279119639,0.3606525166893493,0.06281722357533864,15.78173657956779
106190,David Martin,PLAYS,1,32.95123012075901,0.32102239803797233,70,0.3242638377359378,-0.010455569903607402,0.26072138953818397,-0.1298362596579054,0.14966271208272425,0.07608870232724041,1.886313487052596,0.08763683383358911,0.3102929629185881,0.16142444175183276,0.09059025529202895,0.3456621442022117,0.6761982117675408,-9.892688128396165e-05,0.4573402811847772,0.13051325891721918,31.96155480297588
125795,Ivan Thomas,STAYED,1,23.49510158077612,0.5991188799259483,78,-0.018514055650870234,-0.010078686348149294,-0.06646251918324111,0.193305737961679,0.18161161803550432,0.1525884707163683,1.5289664641129814,0.09239630415985228,0.3615350334310433,0.12542802404941936,0.14479629200783312,0.20654991454845495,0.9278244040360756,0.07402403175377828,0.21744533616992034,0.01955925635332534,17.882279269150683
190523,Zachary Phillips,BENCH,1,28.08987324270909,0.727410026496094,28,0.19271405050721044,-0.024887130478479787,0.14848707813003434,0.2061322475628911,-0.1207552944633421,0.05112744254910194,0.863462230114474,0.1180450483044784,0.2873969446335959,0.2134903747440782,0.21849587340610827,0.0922086271582239,0.7866807612504987,0.018800034196899934,0.3579546849564891,0.033430271021842206,40.03349872043289
132790,Yannick Brown,DROPPED,0,23.151089674359646,0.4907871939127589,63,0.5271861536623501,-0.019153138759553632,-0.13213546912044666,-0.18980139605735513,0.031002115174056905,0.17675461804953474,0.6009327369367268,0.11362650626669818,0.3343511362429409,0.22487342116291728,0.18774402118126254,0.11590240339841222,0.7590001345748792,-0.1250092250664611,0.3618279543728709,-0.12932018936277326,37.575559817110864
135223,Patrick Reed,PLAYS,0,30.518155300731614,0.6700179724920885,94,0.5241308944873776,-0.19962396429379078,0.13059157862739926,-0.034638006869901775,-0.03886944334452348,0.09770333078877846,-0.1171547777555717,0.24130554981560182,0.345491524764458,0.23208736646814498,0.21469055292521128,0.19458328381781625,0.8388702185506315,-0.09432592896493339,0.458210609762645,0.10934307108534849,28.815274797245362
85205,Patrick Phillips,PLAYS,1,21.437122647075945,0.61385020680037,69,0.09124819023203182,0.052402830868457026,0.12894844626593943,0.10949186876186123,-0.0010971466486072341,0.05161045824661522,0.9863237827485225,0.20781479657633872,0.617053276368684,0.19102471433705998,0.1891488098586871,0.0627412731465234,0.8521513883500931,-0.08420154479072425,0.22928299946891226,-0.06436566384004035,27.87632338625099
162856,Samuel Wilson,STAYED,1,19.485243908537086,0.4878243677465004,86,0.14179588921886796,-0.0476441741083691,0.35146824428719936,0.12732661442458187,0.07025162097353214,0.04840602932491766,0.13086966321744853,0.1948017584323108,0.2812438755004625,0.2291092839082127,0.2024834754419002,0.18876019561349017,0.7132063751090905,-0.07264072390654654,0.2721336691027728,0.03451534965856945,41.92016896706306
170744,Ulrich Anderson,BENCH,1,20.07376440024064,0.3705298997461485,76,0.43327334342032997,-0.10882104950334402,-0.1347460840162669,-0.031419367658466604,0.09694383715424684,-0.06453263515491559,0.324119201831638,0.08719264481162636,0.42096604807508375,0.10231224376726115,0.17891414852244675,0.1756822526240383,0.9010816534429869,0.01962101758515128,0.3219614941661039,0.14373365092344068,23.65375051254385
11082,Chris Peterson,DROPPED,1,39.03942727182151,0.6546619263879836,54,-0.35024060457865247,0.08025519597860391,0.00986692362192812,0.013340064433561657,0.018787355638865508,0.11082988641635728,0.08555251955799714,0.23190511187246593,0.46295947489076517,0.11608537026542853,0.1864702806184136,0.2838008795958461,0.7369811280987133,0.001189733947618038,0.45975244262598264,0.028650780171842333,22.470598863203122
152220,Ulysses Thomas,PLAYS,0,21.988010590829653,0.7272825844706202,20,0.0030772771968926443,-0.06656142280335489,0.22340236398612157,-0.02168572732541714,-0.16133403347228029,0.04517543185563453,0.523764600406007,0.21557407590123479,0.6094772215208644,0.11388641005781482,0.1532449213775301,0.15648258934677253,0.7060051777742951,-0.08905198849073731,0.4816649945211701,0.06741284623931326,43.17592298477286
168566,Nathan Rodriguez,DROPPED,1,33.87804331587354,0.6429272462007459,55,0.5006711366610269,-0.007093524310700611,0.15029758845959618,0.06325016563353435,-0.06650455805761797,-0.010239035221744547,0.7832183513078107,0.08272836826558475,0.6490784874644855,0.20689070263820997,0.20939327811397862,0.3447646284618798,0.7719199558563492,-0.12973354696329387,0.4978173858780884,-0.016404114532874436,39.27737510260448
85093,Vincent Miller,STAYED,1,20.42645028867935,0.308939242017409,65,0.3925601625054298,0.1373153912950864,0.12704575770062546,0.19366142377542955,0.1196499670200166,0.1827754124974486,0.9641687486994232,0.2242340663921945,0.5513552459679343,0.11043726753153686,0.19550544748727064,0.10423097579027094,0.8691680242692396,-0.09857033865758458,0.48775804593755645,-0.1318902469454828,39.61876779201584
61952,Nathan Garcia,BENCH,0,21.271367396938825,0.4081164471954956,55,0.2107791332949714,-0.09273726384196107,-0.04342035544378087,-0.04252505885694455,-0.24404264220349312,-0.10002592310737614,0.43969601875162206,0.10444950727409426,0.6383163962276118,0.17445465586994607,0.19814389519318854,0.2272960054904405,0.939637453531941,0.145314393785581,0.20178252675330632,0.08927980484693654,20.855814428277768
46719,Ulrich Anderson,STAYED,1,29.686401279596026,0.33473999244176594,29,-0.35174972159918616,-0.10260785876782096,0.011377247786285627,0.1700984597322097,0.14874271516819998,-0.0006995074518920744,1.44157022383711,0.06617394916642122,0.5648404530143496,0.17090603479544336,0.17422127413482735,0.0769097891024764,0.89278437931143,-0.009435915062558309,0.21431250243616162,-0.1395003476208043,19.298879742928033
58737,Henry Wright,DROPPED,0,28.762289533241216,0.5851930497881134,33,0.0850269300876514,0.04154449516498705,0.2867561512334885,-0.0438006486816265,0.08212299906445414,0.173326249853544,0.6750768452060205,0.181364461302842,0.6352810563885667,0.14660552853373615,0.12264119259221487,0.2701591951981946,0.9321045133010575,0.11020365141063374,0.2442820457472766,0.06019734866635623,15.780886494514046
117271,Oliver Smith,STAYED,1,38.98318649823726,0.6782388394202061,93,-0.07697461887497992,0.11195898912082948,0.09227362093691081,-0.0517152654996261,0.16161760815300222,0.08786275291043039,0.32736654004068855,0.18076093187686615,0.5329082903777821,0.23056077549131498,0.0849881713546195,0.34842610641859145,0.6921817412229581,0.10462574000065297,0.30465862903108193,-0.14312352805510892,22.1112452675604
180608,Gregory Freeman,DROPPED,1,38.84154451343548,0.3552895935343297,3,0.19931167084516405,-0.10594733741855704,0.156303954421671,0.1482313542011856,0.010143081311903952,0.044256928681669125,0.9357753603460619,0.06898640191312362,0.28190537018042844,0.12556498028199942,0.21099171811733625,0.29574159132548966,0.6713530396591031,0.003455867238862098,0.4489754092960876,0.10869157097300117,38.22571475142974
191676,Erik Robinson,PLAYS,0,35.371781493391765,0.7191689102966926,8,-0.14280400543846405,0.052615178946974164,0.08272175068352816,0.16063236536091402,-0.17614054240229052,0.0801204251780176,1.9781317001262895,0.11377036178731648,0.4107680747970706,0.152869417659886,0.16205684883276958,0.21671106221609038,0.8173114285720013,0.06200631253816305,0.4677968586006441,-0.10270918925010583,22.20115256292449
191905,Victor Martin,PLAYS,1,31.644138432674346,0.5777544891977415,13,-0.2077170184923822,0.06647996319693536,-0.07746282728746479,0.15216919241151852,0.0730362641506498,0.07152970052586095,1.0010963399210708,0.24856289245110774,0.5086389135209881,0.21612572500343935,0.12174001596073963,0.1954224072199076,0.7370892449132103,-0.09217439687618631,0.2560503218883749,0.004281448632765333,36.87309850784629
155111,Peter Miller,STAYED,0,28.55416666525323,0.6449845060708624,36,-0.5194595833050925,-0.14473283869538564,0.2400715639112495,-0.10789568898617692,0.15746531240383413,-0.13199950555431056,0.5822866235758358,0.18568533340174737,0.3902874037817004,0.10456334715899264,0.10087891509865529,0.3005089883800541,0.8984164918907818,0.05651901147807248,0.3858992454859126,0.02914521134494419,22.557247961022647
77839,George Wells,PLAYS,0,26.479749220896842,0.7857009243043231,86,0.4665414054930105,0.08388010703257762,0.17548485767987443,-0.005914117368646089,0.1224721805513421,0.008088573758244628,-0.11647681367122231,0.19601503332066583,0.35935356724551143,0.20094256003695532,0.19613324317010566,0.3307922254132173,0.8515963614206978,-0.06828462622101314,0.47520859551958294,-0.012736377787976372,26.85877493852015
57931,Ben Gomez,DROPPED,0,38.88883848648666,0.34184049412384865,65,-0.019931153432917237,0.09012847038737436,0.4458455256050784,0.14875863104039858,-0.03626914834880354,0.24398259854164983,0.6683526074167578,0.09258345712086113,0.4809597068532364,0.22245965895423558,0.19711282722266105,0.34676195773942786,0.9412184491957383,0.09961862902624521,0.3391195207793962,-0.04777095319533382,44.494868697342255
49925,Nathan Young,PLAYS,1,31.661085039918397,0.7506120114888946,55,0.14714373511076034,-0.004942845860481979,-0.05233720694758176,0.05498502086766736,0.038676107546264674,-0.029118896173260106,0.9409568750528694,0.06575641420078288,0.623400750680974,0.2398401758257251,0.19403111553827443,0.16896176826934522,0.7264377067193912,-0.12488276006732701,0.2310630715858352,-0.009655711145708484,22.344351938524067
192075,Patrick Wilson,BENCH,1,31.160523081405884,0.36305134799370464,87,0.09932856505774568,0.12018770898384067,0.22338593818007207,-0.07884314154369569,-0.023283626877992403,0.01180387830747992,0.567451465246658,0.10538033794818753,0.26399274940646145,0.23144449607372275,0.1703115768753501,0.34727524243835367,0.7957352343065697,0.08194160186558325,0.3373440950253875,-0.056575273835652376,26.29111881894803
189969,Erik Hernandez,BENCH,0,23.86992355714721,0.4964794033183411,87,-0.22023017988814977,0.11091644594598762,-0.09673159490555017,0.104998152695053,-0.05192664641893721,-0.014994491597102491,-0.19923078294459962,0.0997796770386384,0.5576924814165751,0.14790761752505277,0.13124215426286262,0.09677787565214946,0.800372143227606,-0.12001892802941413,0.3127384706864172,-0.018563295875741043,24.03261541395641
97745,Oliver Jones,STAYED,1,19.980654175587375,0.7257193481655572,20,-0.277719473434458,0.02824943405737639,0.12360198515096166,-0.03577687107897645,0.1255388571179851,0.03955817320182352,0.2896607662979398,0.09690882014961062,0.5390909112178508,0.1879546211984429,0.12256983986923597,0.12606493277957276,0.7217530384572128,0.1143567710682927,0.37329739881980206,-0.0423261027005908,18.288749589900068
136298,Daniel Hernandez,STAYED,1,38.848960174950435,0.7531271183689341,23,-0.2015945377991706,-0.01611563122599469,0.24647598835947468,0.26534298180706545,-0.08975323112651622,-0.01997473975891577,1.6727230765326546,0.08855086437740792,0.6355813701553148,0.11159402397256989,0.08119766781654383,0.07670483742016886,0.8270280198464023,-0.058738644559498884,0.3315976053221311,0.0198614470521436,29.696824263924746
103709,Erik Freeman,STAYED,1,25.58844043573773,0.5531858367725726,21,-0.11695053164881788,-0.057826231406636563,-0.21082026741447304,0.235380975490191,-0.059381643058161265,0.1084089802589672,1.6604006022382767,0.16495113813108087,0.6222844889330175,0.1386805005322013,0.19670505821635365,0.1315215549453445,0.7829857958237718,0.046318009449172415,0.2052037780561154,-0.07862275132650495,26.360719899990066
52287,Gregory Torres,STAYED,0,28.294369489813633,0.5970523191377126,6,0.20998187410414149,0.0169949192507047,0.06926012886375882,0.12249169116266807,-0.08040256334723855,0.07367760947483198,0.2680164984772412,0.11562069516836436,0.5548930248176771,0.11413335681212611,0.09224057764910995,0.2803812654854033,0.784016466796962,-0.003749316413916043,0.49819932002410133,0.14659696647420375,35.8466125742184
174084,Oscar Jackson,DROPPED,0,21.407438815299844,0.6540736672992786,79,-0.13871529905618343,0.06558071357633433,0.015518539893606964,0.21332080457237285,-0.11902475232990467,0.14282571381284218,1.2036540723196532,0.2140690030095061,0.45816350587303944,0.14727809352309457,0.16830569972570747,0.30587730745353486,0.7588209943917451,-0.040109056421298306,0.3630620713191713,0.0002609860146496612,39.527836408546385
117252,Victor Wright,DROPPED,1,36.57541092809513,0.7163793342263571,84,0.6239471894783865,-0.005934148883251299,-0.005293594744268271,0.05777496201480573,0.04464142918426034,-0.07611293994267525,0.09285632913789588,0.0867894835694768,0.33170702129340796,0.23127808201880934,0.15057049255761237,0.2836677935307715,0.6550788057276605,0.04363254995504895,0.3420892266453829,-0.0917513767756471,31.327491434869156
182855,Quinn Lopez,BENCH,0,19.580268489974543,0.36075558476883307,31,0.40814531076794536,-0.1558000804209624,0.15778189783890312,0.1418524993250019,0.1461503048481976,0.009159142054051612,1.6425897691969715,0.1429254141737089,0.46809428733022973,0.1520750259511439,0.15373651024968915,0.23931973345030888,0.8066285710744368,0.13425689416537137,0.4863852114512162,-0.00687997512981825,15.965892662620107
119323,Yannick Taylor,DROPPED,1,36.513806004081026,0.7050346541146137,27,0.3425078648997125,0.12149711156612564,0.2681028559633893,0.22732643543624897,0.011512324375473434,0.022913284206543802,0.9471415087365418,0.052731567285216,0.5561407975678616,0.18428471545021397,0.20973979834308826,0.20418995375679366,0.7505743507100994,-0.13761907578761343,0.24675811027612315,0.10992453885744727,33.56767068704165
187563,Jack Ramirez,PLAYS,1,21.945985268547304,0.5406380752558084,58,0.06410232925805497,0.0352178577475915,0.08000819271562667,0.07945984181531753,-0.12057478005641667,0.10467762921063137,1.3697848991699204,0.14633646449103843,0.6082676850551573,0.16500712721724115,0.0844261015779739,0.26261128676409395,0.6503959606952989,0.12565585676493127,0.25677128076357447,-0.14345796206268133,16.661721900628176
199656,Robert Webb,BENCH,1,37.617846365254195,0.5253117125540845,79,0.5542842207161451,-0.010369959734146707,0.13082296413400302,0.019377539418285964,0.11399445397420276,-0.04518654366484412,-0.22905600830952322,0.06116764417529488,0.5658848036842197,0.1688374786448103,0.18827491144802813,0.16725006478016652,0.7423831122985796,0.032724496506304046,0.442404424718835,0.05386623573218663,33.490689707970745
22803,Robert Reed,STAYED,0,34.32522538405931,0.5119498759984991,65,0.0345983106636628,0.08857267107386307,0.11714631295888717,-0.15455463498125388,0.19857017540349717,0.1598784565110013,1.2065822611549328,0.24554470237452874,0.3281067740764216,0.24543580777548374,0.087287335771423,0.30239250544991053,0.7335884999269271,0.09219429023071568,0.27824932400750263,0.014390339038178407,35.55089847807565
190697,Gregory Wilson,STAYED,0,22.45807551265341,0.5546057926230212,29,0.09062157575372619,0.1419710877186205,0.10027052595346213,0.040023976913420724,-0.034624232414659464,0.19236987086211305,0.7953955617892979,0.2081184257300826,0.4898745256912238,0.14442317023957868,0.0853415048309528,0.25315702819303565,0.7680344459670907,-0.034837513969716724,0.4397681318874581,-0.09913260168895935,20.93302882852555
128819,Peter Wells,DROPPED,1,30.88217785004883,0.7725252766973018,62,0.15099236192478083,-0.20415292555903133,-0.06340139565681593,0.14881078214747737,-0.017855426671771833,-0.06866468171627005,1.3111574424745056,0.14802229532729108,0.3828693838125428,0.1940986704284757,0.14017447773979347,0.2593414095483226,0.6895555968930192,-0.008447107548715888,0.2814600448725508,0.09524293179147619,39.58038446165313
103361,Robert Thomas,BENCH,0,25.56578260145961,0.5741018863960758,85,0.31054691216300323,0.05474109199376573,0.2662666902584339,0.16347601130811557,0.08156606300833943,-0.00890474738722788,1.3489206788587098,0.06731747163587005,0.2536822669562572,0.16300940043691706,0.08883052440801534,0.2107807979387214,0.8023051473905254,0.1106552255403492,0.20995628906750047,-0.0393346132877983,42.332553947221456
23698,Quinn Miller,DROPPED,1,22.742895077143253,0.7765887691315696,51,0.2910724237008956,-0.09413193686482778,0.1442793052238254,0.11052380788620918,0.19218737477850514,-0.013831780995051071,0.8394708136848497,0.16848908815808286,0.33008837431546645,0.10917192715715293,0.1904801531810077,0.31556869526335174,0.857732105755439,-0.02554560905705308,0.3551044171660148,-0.061859391355347765,39.392608923414585
175632,Lucas Wright,DROPPED,0,37.04282618763328,0.3901450653078203,67,-0.04253758353338097,0.0599288405439153,0.15923222350038665,-0.014955891395468768,-0.02198341457252262,0.36588634456129976,0.43950221654245125,0.20175275014037553,0.2952882599733797,0.1733996247436354,0.1541388331107672,0.12560442010371575,0.8390556707163717,0.010397870024725503,0.2590059302380584,0.09843755755707032,24.153275706362464
25376,Jack Jones,DROPPED,0,27.47397809665182,0.6620679894163166,40,-0.05989811582778612,0.030234176189966343,-0.020976444353837317,-0.18721858827371085,-0.1032449780998205,-0.0015880126249464,1.2678177093076965,0.08814345060094907,0.5870876494157875,0.22200149935676625,0.08406542957236843,0.1643442960083152,0.8911264842707571,-0.14394152307470012,0.4273538878797413,0.041557513857499395,32.59929037336903
23117,Ulrich Williams,BENCH,0,27.369418001673033,0.7061197693043736,85,0.29197088714562536,0.07085812211524399,0.031116940301613924,-0.009425811760568212,0.09314186062724064,0.25131505305873614,0.7639073003569234,0.16364166815749817,0.3534025008591248,0.11481294530225326,0.08567009610746873,0.28329277090330673,0.7856024863961244,-0.10242059824858732,0.39235988996964444,0.11947772510244734,42.44445447573683
197453,Samuel Reed,STAYED,1,22.56762017093902,0.6395644156674309,54,0.3145709751673698,-0.019939809159572417,0.07357987034338326,0.013478615473525836,0.10990680731422994,-0.10199583941279315,0.2763290278834145,0.2128421796765736,0.3638791875550222,0.11043877710944636,0.1657735941635271,0.1978246688388013,0.8057275191019184,0.04250595239243993,0.47708080039337536,0.038965111101359806,24.619941786685498
179028,Stefan Scott,PLAYS,1,27.04437919780135,0.6034611401132701,3,-0.018005337446861835,-0.12985920894553216,-0.1301187040173277,0.012448523937198308,0.030613145043522683,-0.0687581159397236,0.24790866112538856,0.20364955552926328,0.6339746287195538,0.12304472805899,0.1928556544721767,0.31676420402725725,0.893120582257695,0.06509307031916314,0.4348965071797208,0.07224529737963459,39.60083466796275
58786,Frank Wilson,STAYED,1,37.30395377290586,0.5824063905430912,42,-0.3761564209035362,-0.016029455300533447,-0.15320514877965172,0.12422676283735093,-0.025813325965745065,-0.032392543821784095,-0.08629864978742885,0.21059840357343057,0.4016346892195409,0.2146600167083959,0.14129193437846832,0.15391979592885568,0.7783103512457715,0.02478028103534982,0.2542327864522181,0.10093376887788383,15.284253937850895
123005,David Reed,BENCH,0,26.625702920282354,0.730465241289348,83,0.03780517119752663,0.05254781081118265,0.009887810404214839,0.2882811693217808,0.12943787309920463,-0.051482717373582676,0.4938253042621621,0.22586468497394396,0.25383425605775783,0.2085993076217107,0.15764129401498744,0.16079905064589342,0.8604798049698791,-0.10700698911731679,0.4400474709994389,-0.13357810922701893,15.109401083540288
76480,Robert Lewis,STAYED,1,38.98367481249555,0.71082329858225,23,0.2870577396477576,0.10123138629401787,0.1783781149663585,0.06482350422093117,0.08280360045479643,0.017852151900980155,1.461615227644627,0.23753642043189405,0.36353845933845463,0.18475266533591658,0.19197612356698623,0.31662073681598757,0.7803807106153975,-0.01637837142664955,0.392521113444207,0.0828146876608141,37.791349810169024
172767,Justin Simpson,STAYED,1,38.87248688337614,0.36114436059029975,88,0.6416250539259342,-0.07374650403780202,0.0020293915105088767,0.023992185301224603,-0.04684355169034929,-0.03505338432657977,0.9066978798232606,0.13110423104070718,0.29771983224072496,0.17023396061389484,0.16547086436585468,0.18931109605461233,0.7753208583534688,-0.04347157009104305,0.4006854925281875,0.03411194455487304,37.84342746381363
142583,Michael Thomas,PLAYS,1,22.042871845454265,0.724293828515439,17,-0.2593873887021986,0.1021648341498414,-0.05282077963860701,0.0188933824395089,0.03490947313056715,-0.04832099112814882,0.48213937644617566,0.16375382050457546,0.2911234246943416,0.2332488722053933,0.11146643327223474,0.20483737526074602,0.8780616873587481,-0.0013015967894735025,0.44967886579104466,-0.12914766104544204,38.669315635568815
63233,Thomas White,STAYED,1,22.723536323975544,0.5070343097202212,52,-0.02797137584917206,-0.03182978317172171,-0.022202847985650517,0.0649261720289257,-0.10517075320246466,0.18901663957679932,1.282913562908048,0.20813190520912217,0.2809949160542998,0.21500467357502237,0.165827283621727,0.1498291146007038,0.7024510746398633,0.11109871036622829,0.37214722075668205,0.0025733765606145154,42.90080513664487
121022,Justin Cooper,STAYED,0,37.11615547696967,0.4268484149979054,50,-0.01682106845761297,0.04899599052756212,0.03169863652820312,-0.049395251241807867,0.09858904564379202,0.19685523470157984,0.3005140269659668,0.18942796278915663,0.48730378807015096,0.22179133769527076,0.1679591242691299,0.13300098265372456,0.7515757915824721,0.08275843159759555,0.3398010543059039,-0.12526257660481382,18.537189354608525
163574,Samuel Brown,STAYED,0,27.247979297419104,0.7348842840069629,34,0.5067416018294504,-0.020791516229250625,0.046921155576984445,0.06442382704952661,0.0037766430617144076,0.1639155798050379,0.8572101645996671,0.24910404565287575,0.32573908945194346,0.22198934520259814,0.18277497732335773,0.24678461325151763,0.7172516830240705,-0.12480314958325231,0.3909923106076184,0.0707841605169667,21.95954954951065
191082,Harrison Johnson,DROPPED,1,19.091853627943195,0.5160123998168709,51,0.08951754986241017,0.034573650216968135,0.42482821783098346,0.10409748035981597,-0.013571083238473718,0.11287987467011937,0.6922217763646908,0.05273553022092883,0.39449711761640416,0.19640757321183372,0.1669223862579522,0.08595219846236116,0.7577329828902791,0.11709275933236926,0.2893872286875077,0.013950514169364908,42.11174761121423
102529,Martin Reed,BENCH,0,24.75130821381279,0.7041823450884084,70,-0.17219796781167965,0.09135021076562197,0.2581930942730978,0.07516232762893857,0.026712551484756583,0.06112916789354628,1.2674783753530114,0.12102664306315813,0.5948070864520068,0.16870219364739186,0.21569389826412533,0.31378179235487275,0.7191124467098072,-0.008469854655052927,0.2547791393261298,0.13607206122368917,20.317085933170603
187561,Edward Wright,BENCH,0,31.55020885710676,0.43170180597792224,47,0.2676085848765457,-0.07816112618308287,0.2537161168422592,0.10490503208057375,0.034030769933024785,-0.009643682879909042,-0.14633702255170034,0.1062055852540405,0.41973525591851024,0.22970166288784755,0.10762036322038959,0.28376094102953237,0.8238216893259964,0.07315864346579953,0.38497635142137393,-0.09505938852846904,35.46687802729752
110919,Edward Webb,PLAYS,0,35.784585285159324,0.3019646607111089,34,-0.021391556012283902,-0.03439247173974652,0.2752870546410072,0.10204971312182423,0.11949300615655606,-0.06437890057061103,0.2898813525112066,0.10246317003310693,0.6162765400206551,0.2389011126404876,0.21315269513939067,0.10722447911174084,0.8894512407853535,-0.10798823062069435,0.27015451072564334,0.03181003575611352,30.91389000122446
93533,Xavier Murray,DROPPED,0,21.80116095895845,0.5477295964514721,6,-0.26731618200738627,0.03479700698736693,-0.04982313040010741,-0.16262760186957326,0.08910905313252215,0.0935594844119225,-0.18294739545672,0.09450595649977717,0.4491752213582425,0.10357090648875146,0.15536752864900227,0.25820598374736964,0.8859839183653705,0.051215857712114427,0.22397453280398202,-0.08652535962885259,17.495810305545216
173021,Stefan King,DROPPED,0,21.321368652751442,0.3501141283214421,67,-0.1678319921828452,0.21212669288242816,-0.08335469224808587,0.12642441900744839,0.01435907212071973,-0.09083564710561574,0.644241966914438,0.19182476816304583,0.4095346459359023,0.1077332309899377,0.17407385966928768,0.23078987638569043,0.7593502893646378,-0.07910219471716262,0.2001662553755762,0.0342194954182195,23.557909858245985
79407,Patrick Freeman,STAYED,1,38.363945725018965,0.6771879777624548,99,0.6202125863267857,-0.04905517697334624,-0.0660305437301085,-0.030521781479494428,0.10636681497189952,-0.0692705115010472,1.5268565021794585,0.06695189465506438,0.5501555708362806,0.2438114945362656,0.09392462364330659,0.10536051522099324,0.9466281217682785,-0.01848573085772054,0.38249582042002017,0.06679491070825694,30.611166493229035
83809,Jack Moore,BENCH,0,34.77411572427424,0.43803756803470517,73,0.21526276649483866,0.18321071087975352,0.30017592000067567,-0.08150069956047494,0.07007372536916132,0.18834959074457713,0.4967316742078837,0.1983217667886677,0.27927003950720086,0.14157409207662922,0.13328063179293498,0.13196105181506973,0.8281563094117402,-0.14494113897536867,0.308644635044071,0.06669129879886157,40.570503500515024
27229,Samuel Miller,PLAYS,1,31.385371616339647,0.5218228233017393,75,0.13232801663576288,0.18035386429401365,0.017921231667626367,-0.08253421934259954,-0.012659963628603714,0.2780778850066504,0.4935896370826096,0.18868516840325472,0.28579135319296695,0.2310054159474128,0.1877130805048442,0.1726959511201503,0.7698200905334884,-0.10451680862085719,0.4256932912020368,0.09452219720478297,36.22615468844021
168457,Samuel White,DROPPED,1,35.15292258991449,0.3435167825457771,67,0.02503187925638617,0.012215107943872709,-0.08770342733589304,0.10202499325670353,0.017528184176351408,0.09719541657997768,1.3230346545104819,0.10016082650017928,0.5107894855691844,0.1583192678442104,0.17896754211385868,0.25977282057364215,0.9006617837724276,-0.12237585206291407,0.3125529194939307,0.10606506838749499,33.65649484364799
52176,Oscar Rogers,STAYED,1,28.00594158743941,0.4433296242236263,82,0.18764465263563967,-0.0038522020959920224,0.03535056996702805,0.02329100873301765,0.01517771111568792,0.18277485827535733,1.4411297350731798,0.10056675663303226,0.44477628529569935,0.11786500864140334,0.08561951434315743,0.24161702264510176,0.8689622037927922,-0.07807674811852246,0.34580103447146804,-0.1268184821198469,29.880986698242445
104825,Quentin Thompson,PLAYS,0,34.92757069349166,0.6907451216292859,20,0.1840707838007483,-0.035365215893175345,0.0642091702428059,-0.1518362540782493,0.08052613431742017,0.020498201906722,0.7468573596387261,0.17577211706890045,0.5661661001276841,0.11206648003140014,0.15652319688961425,0.2096704543030094,0.8747826010472313,-0.11999457299270332,0.3221254918446155,-0.04701985287827877,23.96051951442403
144332,David Phillips,DROPPED,0,26.80786281676525,0.3757939559511597,56,0.1876506484621978,0.014543797573386473,0.14026199105418433,0.10736453782307401,-0.006702261472164177,-0.1105209023305221,1.2108289124299354,0.2024342210967356,0.6165083349374125,0.12347618486206847,0.09235894701557733,0.28052316293421026,0.7088418049201615,0.05757300798586856,0.3951724373328038,0.05613675610794172,18.577347339577834
107555,David Jones,PLAYS,0,24.125986022344648,0.6235797805634786,49,0.13445352708332592,-0.09253755460476464,0.13764265310680646,-0.12275297569585926,-0.009040918642163331,0.12346059423423009,0.15382727547323227,0.2252971226174731,0.40534675106861906,0.13748397923010472,0.21941990008494272,0.2773813218818498,0.7904972922105665,-0.1412880293372342,0.3068417486044905,-0.00042411378263634836,27.272281036982868
13145,Patrick Cooper,DROPPED,0,34.30928184715234,0.7587129264022505,8,0.3606395014916648,0.013900878614352193,-0.02422708458102621,0.06677856302218531,0.2268757309433959,0.11831471879240767,1.6267846003552484,0.22042791277089518,0.4885640106338585,0.17327775308962395,0.20562152239466125,0.23535774621867678,0.9085484392473808,0.0353221501874994,0.48913029498269267,-0.09279721597356255,15.855554817338778
107289,Walter Roberts,PLAYS,1,27.813118135302634,0.6399183798788601,68,0.10693130380021931,0.1397504219080685,0.20284845887705666,0.0786198710807665,0.12397354817471043,0.0586002264656293,2.089223776362231,0.24297659883277062,0.45027865111812393,0.20522468508486752,0.08295129245999518,0.28609702501544754,0.8012114022886272,-0.10778765075232771,0.480844095979559,0.01581287105000939,21.33167667800552
148874,Liam Hernandez,DROPPED,1,39.60891919085009,0.7055108446461134,11,-0.19338165066579158,-0.02888680499813741,0.004120969937476293,0.1562692498034054,-0.04606006644251391,0.020914945027386642,1.112729474713235,0.16627697906730224,0.6426442622569732,0.24795978647279499,0.20021094104636833,0.15027901243376277,0.8550358230263151,0.1335484371533691,0.4544083707971844,-0.027769304170156855,27.974501276179794
12263,Kevin Gonzalez,DROPPED,1,26.33918882847012,0.3544858146519579,70,-0.08372686727026046,0.0007420556808759408,0.07655854949424355,0.26380217437602216,0.08709409939421983,0.16546526942973175,-0.4505989728056803,0.23173111226807191,0.5824337629426382,0.16622601149337568,0.20872014407817707,0.31437485849678165,0.8263801199102794,0.12992822193295625,0.47609008117182444,-0.032988516703708476,27.558155570157453
167985,Nathan Davis,PLAYS,0,38.35627583115239,0.4253659130010272,25,-0.49370560804691366,-0.11609123794137934,0.20301611057550326,-0.11376115910806499,0.041835006565517724,-0.06828796401129693,0.4650618425613295,0.21170265465208216,0.6146950833109415,0.17772774135146646,0.1294967511588837,0.2344730257405822,0.9027070363155145,-0.08234906924371121,0.3347419065378173,0.09292611523069913,16.32886292990977
67788,Yannick Moore,DROPPED,1,38.59221351990867,0.7472694261202955,45,0.7080451348127177,0.04992496705048348,0.0037267894083487935,0.04370313727243407,0.06915511752600939,-0.04285366946687892,1.1676951930015929,0.22893352486280272,0.35173603503104167,0.17827235520748835,0.18073023170668723,0.29670905414372917,0.7353682519284808,0.03432638946690886,0.36092911903684766,-0.027720499850345623,32.67180460575874
149227,Stefan Cooper,DROPPED,1,24.07891188835967,0.6575528068090446,53,0.35882637758580604,0.04115853479610991,0.014597286462829373,0.016839764594693926,0.043734132456510456,-0.07097278081125136,0.5471102017001823,0.05232532025707333,0.5590105692650378,0.18091515332319041,0.14189452446908907,0.21388373143708517,0.8226425833659095,-0.14159840415826247,0.42262777776747334,-0.14206364835587273,31.490527675597086
141994,Robert Martinez,DROPPED,1,35.76264481334828,0.6197769131886556,74,-0.14902114853877105,0.025096188781261672,0.18875020745396964,0.10204996231531546,0.14896426454852357,0.06019675551629927,1.5633191325500584,0.2431805983731622,0.3561892899990596,0.17766109856566936,0.1717325478406882,0.11553147349660411,0.6869704004029412,0.12953656291535223,0.4088437774815623,-0.13258099833267262,17.343129120627385
161744,George Wells,PLAYS,0,28.094564608035867,0.63188336806085,27,0.015446545180870033,0.002653835982228528,-0.028659976490752914,0.07588025251203423,0.06456203446514458,-0.08054716145311099,1.1528943586615192,0.14470603256929565,0.33349701337135595,0.10131621325928768,0.12764443660174682,0.21272303860349256,0.8570632330098403,0.006896192457512912,0.46720357868164125,0.10687321250748608,43.294891573813175
179598,Stefan Wilson,PLAYS,1,38.26801927183731,0.5071002771523216,82,-0.09106294226192999,-0.003420633501796378,0.04228119645938941,0.007694450871605613,0.02379113017857126,-0.032109061661829225,0.3761146995405221,0.20963659791496858,0.6277064638622203,0.10025872331647612,0.12515829312865756,0.16133349913297643,0.8695903515058137,-0.1370330545746663,0.4148993081770086,0.1381802430037564,17.981483368525804
55344,Oscar Thomas,DROPPED,1,28.452609725340015,0.3222783158088266,37,0.5627641634122351,0.06015201869605376,0.18336132670643387,-0.002908262633302655,0.13421905769830172,-0.03469066746726375,0.8193588864627517,0.07544082386755618,0.25772176668714664,0.11464994771891844,0.13942074444006108,0.25924971081112835,0.6628511963566995,-0.04725000209755878,0.49936541246853816,0.056522800936712275,40.64502453712008
132819,Ben Robinson,DROPPED,0,34.63037806408469,0.6922207710353645,19,-0.3259631492812787,0.017694671872910135,0.40811386621539625,-0.0839741026220857,0.0533285041087872,0.018727000119925022,0.26370006761654596,0.12918821916279483,0.6361554814653718,0.11523349051437683,0.10037948621135016,0.19273813752042074,0.8527372890883955,-0.12694516144162973,0.3045517399494773,-0.04068951176997594,15.009291957450179
160086,Edward Moore,PLAYS,1,28.806315592439756,0.6393566181076769,20,0.13434281764563377,0.04519774972442658,0.19081067571441201,0.1685433898887811,0.042147857932905784,-0.12848493356847723,0.690449072952535,0.10429213260419819,0.3097047587955225,0.20573453634321942,0.1963594550209536,0.3008338414783063,0.7744070462497359,-0.03211666818799204,0.44989932267182536,0.13158009473841822,41.46843285136149
83352,Felix Cooper,STAYED,0,23.78381586996998,0.5364022320563624,29,0.06744164723054566,0.03719862539636384,0.17089596444850175,0.10510450179194351,0.06140226024861145,0.060464599044472045,0.467244055740469,0.10833175410018742,0.5777752327173074,0.13073740487739996,0.12881770535062914,0.253421753696575,0.6872290628329047,0.05097790264839691,0.40929044684979926,0.04884092591272074,15.591591966129377
50324,William Gonzalez,DROPPED,1,23.186352707838413,0.7498798076841287,17,0.34805158921273427,0.10987418296766095,0.17962023755090945,0.1601321837354165,0.020639097663363346,0.19967643807976132,1.5048570801398231,0.07465112399017636,0.36036902122724124,0.23420711571334193,0.13602093754681832,0.2553633299093972,0.7759722643095402,-0.009033027587568132,0.40741593356450556,0.10330006475980127,37.73436095676348
104075,Thomas Freeman,STAYED,0,27.934055079383256,0.4680798324925494,83,0.06879723168259151,0.07415952779000434,-0.060978541110057405,0.012752463622938366,0.03092269929954689,0.06625896467801143,2.069607234098597,0.21115276650860143,0.390280930972291,0.23929094943655294,0.20516764577830027,0.1151466000473195,0.7082698789086745,-0.03488334758416366,0.2977506784534997,0.07975569121110279,25.850724339007588
179770,Justin Thompson,PLAYS,0,34.86538779729851,0.44716087211561795,71,-0.4274626629966305,0.035428947452015254,0.11733951080198621,-0.02882025624333165,-0.028669458876187277,0.23495853737615846,-0.05871299994145118,0.051848462916215636,0.336703084528794,0.24638400068438482,0.149527333968844,0.34527492994738707,0.7746678596369949,-0.11425288633786056,0.43568053772690674,-0.03625820526822228,37.14650400408959
87169,Quentin King,DROPPED,0,31.706501188796103,0.7363981625397213,82,0.024664649607267747,0.14147376245217438,0.09553502674953974,-0.07939780799550734,-0.04511672196238789,0.210079782305231,-0.35392977172585116,0.11250109139704051,0.48420561699243186,0.240862195733053,0.15619554730912083,0.3025025627814466,0.7653017083875583,-0.0765182862919031,0.47011280670427974,-0.006389339744764355,27.052356162749355
33384,Michael Scott,STAYED,1,33.46121508791141,0.6984938273794927,17,-0.1916486653829975,0.05362148232452492,0.14823768105591342,0.09307011004887913,-0.06985703864824397,0.14332820566974255,0.6528965468891686,0.08488210864328301,0.38923821900314964,0.1407832482877787,0.21390973746879383,0.2867014653682084,0.8715174910808172,-0.11995701367849465,0.2655645384561689,-0.09416035368957015,17.127237669955253
13512,Klaus Martin,PLAYS,1,24.92885336537079,0.5574899053241724,44,0.1238738639669682,0.12439701510323352,0.11747620787138063,-0.07477518694338815,-0.1091983286797076,0.05896230111642628,-0.11104941929720946,0.1678077881216681,0.5129572157978652,0.17646652670552687,0.2041416936402985,0.14906456754800823,0.8822646674499076,0.09224961949699823,0.38764905113501125,-0.06239576986777978,38.025200861860924
147138,Chris Davis,STAYED,0,29.110142265109715,0.365367369728925,36,0.530253110956098,0.06855540867093103,0.15695495161256687,0.27183956827598604,-0.05797173613845566,0.05270004658945275,0.8277269622025504,0.10085048052290878,0.2562589271768264,0.12631824552954116,0.10372533924438154,0.21068949585416957,0.832108596315364,-0.10942805160458323,0.3176404487308326,0.08343769838595652,17.13758055964095
172572,Oliver Allen,BENCH,0,19.932300564355867,0.4075357357325262,50,-0.42182757326968345,-0.12735352631452346,0.053279920765119775,-0.10691710973121284,0.012573296553307436,0.1416559726835912,1.249361668283556,0.10179969090561994,0.2757499534060158,0.22093144827586497,0.1462501041885347,0.0911309564222986,0.6568060526547342,0.02861200996466806,0.4968644357884631,0.11819351756493249,42.66361307883653
133775,Daniel Miller,PLAYS,0,36.16818073512053,0.6281139952044033,85,-0.1400668206199711,0.12438678106554638,0.10879133760576891,0.08283921430550023,0.0403117582445637,0.0029995268595161134,1.696485138360095,0.14766762879906375,0.28986446109249947,0.2332647557716144,0.2159814718399964,0.2115427929988118,0.9293066837212982,-0.04717787592334623,0.34364984474950444,0.06733812697542355,16.52922107374984
88743,Ben Lee,BENCH,0,39.78773540703737,0.4925206189202058,10,-0.06580788613504909,0.03081409930741353,-0.08417428490854881,0.23802256486565432,0.0028703436852359487,-0.17590249017609566,0.9208367352291686,0.18053780786818513,0.4175974741240924,0.22769332589462724,0.1321312817520044,0.09376677394498618,0.8558699840289343,-0.08220648460344494,0.2684960521390828,-0.010447891003008497,29.379758333145464
95642,Frank Ramirez,PLAYS,0,27.544460315118087,0.7182365958329856,12,-0.01448932862396339,0.015843618327937764,0.052013908299562935,0.12189077111165708,-0.2055703490127358,0.10904048649235518,0.6841068650902526,0.07426094091303273,0.5759184690639905,0.16500504230452523,0.13202023519226802,0.21591135319688037,0.6602586349763566,0.04184053184763112,0.31455728756654977,-0.12404721931807573,36.69103292552387
139587,William Morgan,PLAYS,0,19.23023671576241,0.774977504666102,7,0.32203769923157327,0.04250786779916617,0.3086250322264965,0.07108084549901353,0.18745863577623423,-0.08572823559219654,-0.38703094994385046,0.08510229049309923,0.6052711641513531,0.21380108270301715,0.10730423245048161,0.2446165640464717,0.8956498697642353,-0.012899307186917813,0.39615151694498785,-0.13291561539046554,26.797393943761133
89858,Klaus Allen,DROPPED,0,22.565645430569894,0.7028184626374592,50,0.04793667473158376,-0.007598652956565394,0.1478212509442384,-0.06621803763542747,0.13864801228903817,-0.06545694738284616,0.8157110895114791,0.09943494891890353,0.3479242960243603,0.11463687543644042,0.09600523597667754,0.16705879017497072,0.7100798464153989,-0.029956359814632266,0.2228268114048729,-0.03770233061614385,21.51700423777304
64800,Trevor Morgan,BENCH,0,32.703064432758794,0.48877271149777857,28,0.22474081771613355,0.03816230883111563,0.09686184439253848,-0.11581230262812446,0.07457598512171287,0.05002687375949457,0.8427723563296771,0.24474964282359213,0.4797478896956056,0.1060367155928876,0.18364267070583745,0.19956346349938797,0.823766356871332,0.02785560146766647,0.38108057606637125,-0.010853484369701072,37.77272884188081
110364,Ulysses Rodriguez,BENCH,0,31.853665682281044,0.694343214615712,88,-0.08773191311953288,-0.027350085307447394,0.384418491438152,0.1424060130701103,0.2207490672553268,0.03858501469358362,1.1833740885276471,0.12943049998858408,0.5573459970770402,0.21298546214631414,0.1878042656182123,0.31269601630237576,0.7899903109850561,-0.0026197114529997734,0.4793674277536694,0.03273618666398906,38.52884114366179
12387,Kevin Thompson,BENCH,0,35.54515911129642,0.4757208367353417,25,0.16897730362538127,0.1219417806987496,-0.10412524674516185,0.23073766889299357,-0.06773641174837107,-0.11944907275787563,0.37490713908254536,0.16979801812620532,0.3655317719678435,0.16380329114930256,0.21566181489042002,0.08256894341084281,0.775951634706523,-0.058954737434531765,0.45510883629735516,-0.14805314358390084,42.68084951863102
197232,Kevin Freeman,PLAYS,0,24.33156423018243,0.38355004388281694,64,0.33333928926331446,0.010912950910315976,-0.06641833331693295,-0.002661998857380575,0.21876251206260047,0.06985898769597684,0.5389684398584842,0.09830856254319559,0.4136030946945093,0.24933238971093538,0.18827854952675083,0.28751986789989586,0.9169141160373192,0.01771838632957551,0.22030206099739502,0.1469168671398919,26.28495331293233
142871,Ben Williams,BENCH,0,35.03627022648982,0.3166966024329287,15,-0.11968986492112652,-0.01060670741779468,0.35690671169144095,-0.08668738091396212,-0.0665214076750548,0.16593675930332583,-0.08680135318251048,0.1480919050314976,0.45958968107428555,0.11458813237832986,0.11406934916470382,0.10122636529885892,0.7812083874687844,0.05084957296520837,0.49801696362172043,-0.04081833497878713,30.187552034919804
129095,Kevin Wells,BENCH,1,33.44766445199706,0.49285835638051,11,0.33440743594195443,-0.05399406525754191,0.10689414040734008,-0.24498033166588223,0.053873792529135656,-0.08540098843189393,-0.574775684130439,0.06482383487719162,0.30394993856321906,0.22834415223028506,0.08561632096039216,0.06101239484138852,0.6726032352719452,-0.14199205242394372,0.4096180771111637,0.10442839914033644,25.89385328538216
45548,Justin Anderson,DROPPED,0,25.779104451990708,0.7517796518486409,22,0.11571183061827055,0.04150206313189132,0.06361254455653094,-0.06769178123950452,-0.09738373251342045,0.2026979997018511,0.13490174552193013,0.05694842918446539,0.2603929174903121,0.17199745982934878,0.21796123381175242,0.10567238082351434,0.9339916181644857,-0.01023848132769739,0.24868424729420713,0.010490011699621327,22.712454655541045
174967,Raymond Hernandez,STAYED,1,30.4552511091962,0.41949329387783824,94,0.41363807214467574,0.034968568010007355,-0.07988064876434647,0.03636117890011518,0.03146940955443668,-0.13722049901559324,-0.14219548855180986,0.14374670536429204,0.3111223237273133,0.22407252932558155,0.12766309737610482,0.2795129569911469,0.9261605693718882,-0.13269501462493685,0.20372482675082706,-0.11086816363999605,37.53098884612825
100450,Felix Ramirez,STAYED,1,22.092749978464862,0.403256582464892,59,0.039574029976907954,0.05107396909420052,0.16715443995925178,0.2418947889004081,0.06861664979983886,0.3040788973245144,1.0020273772523667,0.12973185750368244,0.5007414485014134,0.22256909232552174,0.12367601594053891,0.171537822001058,0.8553298068744796,-0.09407837577956668,0.2513847908876454,0.08926966576035655,25.189555350508662
115669,Brian Allen,BENCH,1,28.503854572147233,0.7849103926205201,26,0.21437339654862964,-0.0621801510004103,0.18166898042911933,0.1307760430679562,0.01453096688654453,0.0006487483419820098,0.48911956599988565,0.07737606393836555,0.27944730461347267,0.23739880020431162,0.20683372936491357,0.31175615505385457,0.7903677584396075,0.018152620223391924,0.45145277620572155,0.06294812247596282,27.844483259770563
90171,Yannick Martin,BENCH,0,37.505144130668455,0.31250205642529605,35,0.08781813049644101,-0.10809449590492583,-0.06417415412523442,0.08661024856481037,0.10138774440901376,0.06747403961922695,0.4770577219551266,0.18752028578414676,0.32587854594005133,0.14467750169291543,0.16191398579629807,0.20741226235467974,0.6778578418830564,0.10985667457967421,0.20649179748354912,0.008230825478768411,27.110209728720836
181451,Brian Harris,BENCH,1,27.845018976333208,0.6928910751968771,22,0.07113632138782632,0.07004730420052478,0.07895866216743576,0.001985640643864285,0.03990144494872573,-0.1770440286982804,0.2093521722948728,0.2485806981798529,0.38514155427812147,0.24246990301930046,0.11008196433887885,0.05667510557789929,0.8872244355732428,0.11484170375654543,0.269944191085426,0.004365927400134001,36.379836769402374
55414,Kevin Jackson,BENCH,0,36.630900835983866,0.46068497787043516,62,0.17767912846770695,0.1387713489501206,0.0496726251950401,-0.019979886070714756,-0.02224147283775093,0.04254367202368298,-1.13953925950746,0.12912936423934251,0.28114802572254655,0.12275004405364305,0.20447347398027355,0.26501408288057804,0.6726433743272087,-0.12901679695841062,0.4271916786004626,-0.12375611827472158,42.53386878332039
83071,Brian Smith,STAYED,1,31.395320670453582,0.31874397843482966,50,0.2610422407674711,-0.06210828979119169,0.13839657196281566,0.21867771170095562,-0.02668133178023393,0.077417861326183,1.7049864492485303,0.17491172718347892,0.3266797084646538,0.11229531663902359,0.2190705197076641,0.0830698726163698,0.6705802954685437,-0.024268474113988026,0.3758331607694405,0.046754684572162225,35.00268183922132
122808,Erik Martinez,DROPPED,0,23.029410975149492,0.7589012701047918,66,-0.2748694735772015,0.14715530268493587,-0.06788753633309658,0.07408862489100673,0.11109137726156965,0.03966054750806065,0.19983768633392707,0.24259518847289713,0.6145079155934045,0.1647423276058524,0.0921349985611163,0.2868138900385773,0.8112151527318104,0.02490194490136538,0.4348207131080576,0.12337354672628995,29.147477882826976
88591,Quentin Bell,PLAYS,0,31.203231138655823,0.3698211651047918,32,0.5300900826453634,0.04271288469891047,0.2877921181769736,-0.20231208303052267,-0.03537420298069675,-0.017569729246284832,0.5525479580900559,0.21630699448937507,0.2577196528907939,0.2242484452962764,0.20071522796234822,0.10043076494155401,0.698038472055392,-0.10587902863489698,0.4238451511480364,-0.12202652423359249,38.376153442166505
14297,Isaac Torres,BENCH,1,29.625649912298332,0.5758896418628476,75,-0.4578989121649395,0.019434967635933623,0.23737356723964065,-0.030824757747669143,0.1215402970484937,-0.06358774222333778,-0.07293529917358621,0.14271044466053717,0.5113727696697449,0.17101316959501683,0.13467219767581518,0.15363391574165403,0.6523190802021047,0.0796296650234315,0.21518041613654143,-0.07094656480532853,34.229139723664126
119513,Ben Moore,BENCH,1,27.371468039124064,0.4370271037147739,19,-0.10544363292166878,-0.01180389572366224,0.04552366619007758,-0.052985923812595204,0.1522711792831931,0.1856631943444773,1.3831582060643803,0.19749789689198388,0.40376357236607396,0.22439300162957712,0.1533701425109386,0.2783814288876081,0.7769340292987359,0.07327057753117164,0.46775342572824546,0.12069239203262963,16.818310713534405
138668,Martin Webb,STAYED,0,21.512239229837476,0.3325964010923455,16,0.0717192787705298,-0.09076144155399973,0.06753719325424433,-0.015551681101295775,-0.136871386234613,0.05369685619975402,0.8860573622223947,0.0756270080501048,0.5190594957729484,0.2094530208691458,0.20807423660709734,0.3362694072429265,0.6911651694830198,0.12100230411203841,0.26810955028468064,-0.064696827054062,17.869907592565248
96479,Erik Martin,BENCH,1,27.750881940791828,0.32496124283168953,21,0.22370679072578442,0.09901828127396797,0.0795366774583576,0.11754927923421023,0.14329263873010348,0.23489028518201266,0.3041808288404789,0.15242077109275987,0.4854766881453618,0.13141425792084005,0.21627308740851642,0.1614301851940197,0.6981546245842074,-0.1474541963749671,0.3660177320689291,0.046183101653977904,16.137508322209
108752,Ben Hernandez,DROPPED,0,20.52800990103217,0.3577783494181694,73,0.5728517583224135,-0.04204850891500825,-0.016746282950975494,0.03710661418469007,0.2360422698444699,-0.01317788257539075,0.5646622331935858,0.10581205543598732,0.33939950174185773,0.24233224373491957,0.11670294745723192,0.2988200660596807,0.6730731916206004,-0.0849947268032992,0.39328644695833365,0.010445449482943236,28.704489786189598
146080,Edward Allen,DROPPED,0,21.074150079373776,0.33568350694469,61,-0.45748744646753225,-0.04238453405900802,0.033485587264744654,0.040776151159560556,0.05520037612019285,-0.002175363204666027,1.8069079532749222,0.08223273757923222,0.5888837950293555,0.10911717529441052,0.10979910793438794,0.10723767964275162,0.7115281261170829,0.09815601427359652,0.25058846326552864,0.028898281501158612,39.775603030168945
125481,Gregory Wells,BENCH,0,27.734247191587038,0.6802790577599614,69,-0.052308238516913186,0.09935410479095638,0.05945944484880865,0.2076167793590284,0.08990841852948223,0.14787130935153955,0.7562183408712331,0.135256181250907,0.4467761530437427,0.23474195613156923,0.09127231820281166,0.29215393106074733,0.8646452539323168,0.05117401524808063,0.4928693770102923,-0.025263329526824058,24.392495080540563
157892,Michael Porter,STAYED,1,25.41301112133774,0.5427831011417146,99,-0.5380500463397796,-0.13063867573373814,0.3419302556060692,-0.0335753307744026,0.13370053243691588,-0.1447569954404277,0.6909598774304565,0.07620291088672289,0.5790144075653887,0.1456665173485561,0.15865169937269932,0.24724821777687533,0.8926781921653374,0.1183169561095472,0.3464467868261927,-0.060002558833886666,26.52480549277445
163325,Brian Martinez,BENCH,0,38.43643084310669,0.47144604567448983,46,0.10948659217307434,-0.10188782485345334,0.24199274624956552,0.27370394310648194,0.0024517684820977714,-0.09561560321835076,0.23517110831644095,0.18979702163489715,0.41240501447528766,0.17502221247465988,0.08190461536309356,0.10782305216371053,0.7857600932087901,-0.13284610364092003,0.21729280867921805,-0.1354399647810993,42.28431325103672
170274,Victor Porter,BENCH,0,26.88982191298568,0.5091844550660036,34,0.1815050753500092,0.018549260519353458,0.24019820610049353,-0.030556910964530323,0.04822802235378697,0.18169819656237962,-0.3367486902833816,0.14124800881066712,0.6438742215660956,0.16335278090511018,0.13766576166539113,0.14075118810542347,0.8019661447644253,0.02908918971493285,0.4811786134333521,0.07328428178824925,40.107103359499646
170308,Quinn Perez,STAYED,0,34.915020563514105,0.7644733677863116,13,0.5772387226513758,0.04346275432038817,0.15548884195065854,0.060703783593508566,-0.10141995296231093,-0.09063207150678336,0.7039767958523934,0.15622892651293277,0.5581957434005185,0.12577518353753744,0.0902737623312812,0.08953126657911081,0.6597965103782608,0.02071397246810225,0.3758803529579804,0.07382803865826804,34.9514433714768
77156,Raymond Jackson,DROPPED,0,30.1351980536911,0.7553759063690736,4,0.13619042826803623,0.05877877183751391,-0.06759905133968519,0.016255568551667973,0.0438635028530451,-0.1682861218363057,0.9952910673947706,0.0792751877336314,0.6363800820450294,0.15372202996025397,0.13673160961010677,0.164890103319294,0.6707948784113951,-0.1392976750918403,0.40975795939441295,0.05121772202361696,23.00411346276754
70263,Quinn White,PLAYS,1,33.78579904148904,0.6578382400612884,92,0.4132075388327139,-0.004143879471700224,0.09377633431339312,0.06481029602011533,0.07981119956445415,0.2742232625687709,1.4597506785966017,0.07795433221869891,0.4557305915639436,0.12894016544391929,0.0855905064971853,0.11109459233698323,0.7272703176948551,0.004056623073745047,0.35755273698026724,0.04309013643588616,18.511244480653303
128996,Klaus Allen,BENCH,1,24.46243564332338,0.7423411887108439,70,0.2751511244617177,0.22242957349133516,0.24557326894200698,0.10335103940877548,0.08161630229264694,-0.11725811774490465,-0.5490979206997932,0.16668308705202484,0.43947645291628024,0.1305829713190786,0.19693041648522766,0.24319938608914204,0.8131695262139442,0.032856093392977265,0.45042138643309027,-0.07688486034974214,15.481764680403412
109252,Ulysses Simpson,DROPPED,1,38.780004429604915,0.4598240137938124,19,-0.03057445910155049,0.001768595298733272,-0.08873969440509316,0.10206022881066518,0.13654247235975805,0.07209432779938035,0.1249422037861827,0.24700194956588928,0.5521815237301031,0.12805852540395707,0.10936345915139922,0.3483515312661676,0.8718653446204978,-0.09261204773936782,0.2099400386579633,-0.14329651987011263,18.210320178132626
128632,Klaus Ramirez,BENCH,1,30.1318584352029,0.4905546630041414,83,-0.32268822403761177,0.0015371078317822293,0.19548298103098966,-0.040374079674469585,-0.04748021781355291,0.05829022312691254,0.45155534566612987,0.06925011664754513,0.6021165052053721,0.17335260705198913,0.1259632194501077,0.05360274892527925,0.8315009184014099,-0.06800112506260111,0.28051350958314436,0.0926146190656319,23.777893308718284
84855,Nathan Torres,PLAYS,0,36.45780549699025,0.606856090927114,94,0.18250068948754322,-0.04375893350511019,0.4483913837894149,-0.08474976129370847,-0.02326067566734965,-0.28727539799417,0.7979114908560789,0.10714628571315626,0.6356583183462232,0.21968970512669733,0.20180671952489487,0.2122759439861896,0.7676383564960365,0.04210420388932112,0.3408945069208077,-0.002658439291251924,31.55370190738487
26575,Frank Rodriguez,STAYED,0,26.66595956299838,0.6118129736486321,96,-0.3476306051436091,0.029912545321685687,0.25927249689845977,0.3503806149086853,0.21955073459913552,0.017921957219862936,0.7129797850829466,0.2238918233075775,0.3798207624129999,0.18534550506418615,0.1844772485865087,0.22209997926470293,0.6854972219009414,-0.009509715720012496,0.22298108489411303,-0.057948560789214495,16.920002482571608
22204,Ulrich Lopez,DROPPED,0,21.104438330061015,0.5408499190061704,42,0.4885621218008932,0.06919689856374198,0.3121043703342981,-0.008078120752066369,0.014967162623629007,0.10380958993749315,0.7269867885876383,0.06445440245104739,0.5694818295370556,0.23398098828262628,0.1106653706298882,0.32426263690424356,0.8842319704661568,0.10740409727049802,0.4117720007979975,-0.11942042796582897,19.08683334955347
21952,Edward Young,PLAYS,0,33.14794460213783,0.5003289242189766,89,0.05138136938895283,0.1162862443626768,0.1327508125663241,0.1339054926406384,0.0500033787312328,0.09251712578226327,1.0448576351419667,0.22517714427339025,0.3342582390542147,0.19548167328650862,0.09006591861204945,0.20180160043008127,0.7591358154797171,-0.047285470197243495,0.3180990242166922,-0.13118352272958347,20.43242106923823
93323,Oliver Brown,BENCH,0,19.162952615085914,0.7930901558043475,48,0.458553223453425,-0.09914274115521744,0.24518979231474847,-0.14291695726278358,0.023298995827477895,0.15842248205642018,0.2580241335325345,0.15485719667495024,0.4682297386981781,0.2034010173448907,0.18019432875974756,0.21311042589347523,0.8708162043448369,-0.07000210248353965,0.28180039708044324,-0.04533998346144681,33.959462789499185
192214,Felix Clark,PLAYS,0,28.981152507875674,0.7105618130588622,90,-0.04406433023971981,0.00032037293154393506,-0.00767798215310532,0.01644647361143879,-0.05216808263050224,0.003501042211347921,1.3604848653402168,0.13165335478528517,0.3219392593636797,0.2001410844590505,0.13469835709633532,0.19149584039851658,0.8038936525743026,0.1454597821034528,0.2010136540425237,0.09142111943008216,33.47369396940373
174944,Yannick Jones,DROPPED,1,23.048839955995646,0.5174900989440225,95,0.18065523592029759,0.05573628886473153,0.21937957185118395,0.034736073922106855,0.19235292108918065,0.1355005330510593,1.0600714650196885,0.11193611287029118,0.3889589447001356,0.1674188789775612,0.18725119987655098,0.1306712913684444,0.8715986160685476,0.12334073103902501,0.4159490935249861,0.12561712480014917,31.522971791164586
170448,Frank Jones,STAYED,0,32.174885593142605,0.6636462386197842,6,0.16280465720040666,0.06696460276756284,0.1981582201091145,0.1067378083913399,-0.022770141192060576,-0.032719488169608624,0.6081006415231525,0.10942343162556839,0.6225433468825837,0.20340082333001241,0.14234126813252945,0.0668087399746741,0.9221868684357715,-0.14130217650030605,0.4501427926618585,0.1190254093839194,22.515042740878187
152712,Adam Davis,BENCH,0,39.567817335894894,0.43478084662622973,40,0.08648676459672282,0.020523892624363143,0.14348667610564944,-0.2766944969190327,-0.082728552370693,-0.119256089969533,1.7605447951333493,0.11116051648989576,0.30843627990923445,0.11045616197034418,0.1284403378161187,0.1725973046629508,0.9263088548161406,0.08121858459196976,0.31851216070444954,0.12600025042489646,26.13359073656196
36437,Ivan Anderson,STAYED,0,28.752461032733564,0.35008466311866493,65,-0.02979785401897761,0.06339391756256815,0.2974011129577747,0.06993687356939968,-0.015074027730275164,-0.1057274050817479,1.73384962134306,0.22696061619203917,0.5029603580540787,0.22897772078734946,0.14316875714973554,0.06577744137220357,0.810532034000181,-0.1168995678524391,0.36926539311000967,0.12231760293880281,17.900691490132292
137129,Klaus Rogers,STAYED,1,36.167463387039,0.4762155127763703,31,0.21773680554115604,-0.044717111434064025,0.019182274322891713,-0.08796897464414714,-0.17017060017255337,-0.12545325462344975,1.359737213116285,0.19475904603495714,0.4871817091709614,0.2166718215165876,0.18479825799389477,0.21514774083977534,0.8034525094296916,-0.14175444155118871,0.26830598777887954,0.008167425480118756,21.793818112741647
97681,George Allen,PLAYS,0,29.663467925973542,0.5014864000616971,21,-0.17784897904496247,0.14463243458546854,0.07194137252895061,0.08892148534339087,-0.03512874649831818,0.17115031614694326,-1.0111340623406753,0.1839446015662301,0.29829534108359457,0.13678449373475182,0.20631084011565237,0.14218809297268795,0.7297035396508512,-0.06789134521009534,0.38665929388403997,-0.08417530843292885,41.93115679417741
17903,Henry Gomez,PLAYS,0,29.412640653184503,0.3082685622803354,93,-0.26283059868771763,0.09941024823835437,0.11431930620374449,-0.07435950362057954,-0.06681285978523267,-0.1317488210870268,1.7473670556307852,0.2097498297904002,0.38039161750752487,0.21520486813811235,0.08696740752240058,0.21008072045762832,0.9307399494587874,-0.06919623628166871,0.20364123749456017,0.0894139748510461,44.390752393074855
36863,Oscar Peterson,DROPPED,0,38.53889335675433,0.7073960008179481,31,0.47284806799804824,-0.08759422296521378,-0.05444164566341009,-0.05265792351106975,0.09174286309273244,0.08288466087791639,1.2768551134831605,0.101422932600829,0.47519260180610634,0.10189639021000278,0.15337561577177372,0.090289089318556,0.7873757501598863,0.09579562870408939,0.34659316912962757,-0.08588610754422629,34.42978756920884
53381,Samuel Campbell,DROPPED,1,37.68928324368031,0.47959670119459075,37,0.3181503966676302,-0.06600824384934045,0.13403979157003718,0.01716468675280782,-0.037341423955987246,0.018089096711308046,2.003845182627762,0.17360856241635114,0.3248714435953961,0.13258698587213208,0.08459696007174286,0.32978898972180787,0.6882773717862132,0.06320017378285053,0.3932616445522077,-0.06983781697302928,42.50469876070261
38548,Frank Jackson,STAYED,0,35.50180976894747,0.5902090828900735,72,0.11976748258067199,-0.0637537400085525,-0.15783956194307705,-0.07627953635238342,0.11878039355788486,0.037682171185924214,1.542478755040123,0.1420132477915902,0.5702494625651262,0.1097705858006344,0.14557733630341024,0.31835637306498044,0.7798114743879649,0.14448282819960426,0.4754575319689202,-0.08002370345323546,34.28225701204275
191028,Brian Taylor,DROPPED,0,25.221370819652467,0.33698159363547797,25,0.5995427147631344,0.07423759767172228,0.2570431801642314,-0.007064133608242575,0.16984839930693213,0.21363287542396397,1.7470056064983712,0.20648832704003867,0.6388626038139,0.21703403749268418,0.20393959607356607,0.10699895276068536,0.6881159750714012,0.06345387009354553,0.31440074513668526,0.004494721108741745,15.995894583164096
21467,Quentin Jackson,STAYED,1,30.445176730202753,0.387498414375292,48,0.019670344382546556,-0.08277822131339738,0.10699560498489487,-0.09320509222519784,0.10811753362875992,-0.002611284065832803,1.3271929101082276,0.1118512220946571,0.33590375998498884,0.21338112267675807,0.13062263729884335,0.15303328498820296,0.8007595052771225,-0.024523334023185628,0.42955706089430895,-0.05345174754927602,44.90287754959227
67954,Felix Hernandez,BENCH,0,23.701841899419385,0.74484686266378,46,0.49681096599669383,-0.0064819467366464475,0.021866064414435518,-0.16998045420384728,0.008461171113992336,0.12339218738596198,1.6092159191873074,0.17863572337397915,0.32476478591623037,0.22204540357027458,0.21054305895129005,0.2340478315555939,0.8183826544568636,0.05967829828356505,0.3793061089830502,-0.10375318511239756,17.968569050596045
33901,Oscar Martinez,STAYED,1,28.322250658977335,0.6043437639414004,50,0.15267222547774656,0.05637635171334196,-0.02515604184426823,0.17215484629152314,0.04411144967055929,0.05450760216573341,1.996474244440664,0.2264424823634627,0.43197402871897783,0.10067225399882933,0.16828518603108533,0.07870586219177188,0.7513267284480756,0.14983772015592065,0.4781036338775242,-0.01404797643183528,35.47925404335182
197055,Raymond Thompson,DROPPED,0,29.1684743809556,0.7751420250852428,54,-0.20742522502291702,0.014706725236285221,0.06481314555712187,-0.10552584313887138,-0.12249849401440596,0.03175773132407626,0.9299328430269236,0.13043009523898574,0.5491061108560129,0.1751849090017612,0.2107817481310209,0.15637034633484526,0.6714951842694454,0.06304256476875841,0.3195133026978292,0.11217217163555007,22.5850860922437
33301,Chris Williams,DROPPED,1,36.46444084355595,0.7993750171956584,10,0.6544120575312549,0.04071100125701646,0.20323895661586205,0.028558293487041978,0.016622062747876032,0.3259962949263768,-0.14333832644687772,0.0633244174734923,0.36264024409410056,0.2057254296276005,0.18600332755775278,0.12533368604570183,0.9330510606899717,0.07850440679409548,0.29572860196189643,0.02116585648499167,26.759433387208805
134686,Robert Harris,STAYED,0,37.81659567182486,0.4859300576665472,57,0.3972132539872255,-0.06526421690790066,0.1821608468106341,0.14034692977925417,-0.05604384680668331,-0.12296100948584436,0.6155234599909147,0.15321016446835856,0.25795196347891214,0.12331016931085233,0.09448092333082672,0.32465501861500895,0.8820059340450288,0.1315095045570778,0.4661425996082431,0.11350068176627612,34.37802554402815
95180,Raymond Martin,PLAYS,0,27.707021310326034,0.4494015320416373,68,0.06369369069713071,0.06758834987177957,-0.005830692091769132,-0.023793292301925173,0.09943263811492989,0.2046958202524934,1.033967359630062,0.1191944975614052,0.4664882512131576,0.1974686091268937,0.1123611914587748,0.30575319088676156,0.9016643241515363,-0.11590462160649499,0.21477332042248676,-0.09123834447625878,28.09462047923121
79903,Daniel Perez,STAYED,1,19.37179334653798,0.7291780275795483,79,0.31815137786018477,-0.029056951398079723,-0.02690595089414516,-0.04901990796946454,0.2872752389244474,0.12876878785879664,0.8449325506229347,0.184445076109435,0.6326402271069231,0.11261651489645286,0.13518386364169088,0.22394982238005912,0.7600605182858688,0.06143528803431805,0.24091561788010304,-0.09990783789823379,22.516381767933847
113955,Oscar Campbell,STAYED,0,37.097250635576444,0.7993057135187271,42,-0.021111030199372036,-0.0059695739518353,0.19853480594794712,0.07714857064009058,0.07998216359738095,-0.007542999355814081,0.05206282030434417,0.24020658494972125,0.40651074216277827,0.12719887841564698,0.10381496348169064,0.20610390106147225,0.8782493090058351,0.10524178739023468,0.22472133037521336,0.02267313770952606,25.03338560634974
157276,Jack Lee,PLAYS,0,22.659852248528573,0.6148206171162287,87,0.3487447105178626,0.03901853823247889,-0.008352110692254403,0.18415205872725826,-0.16911401489546665,0.24551822209299345,-0.17864057511698728,0.1471216635993694,0.4180538216732402,0.17136952224919016,0.14928762466873247,0.3292177383636191,0.7956118685507583,0.1363135800662679,0.4529329869729208,-0.011001329536118098,25.24644350769529
29755,Daniel Allen,BENCH,1,32.05952124169826,0.6975703612557611,33,-0.6173235695851879,0.028246257722467853,0.10898646611192554,-0.09031783181037627,-0.006123019291437298,-0.1717732134866244,0.35530239881910247,0.1432380460311068,0.6375606868456152,0.1980347729021653,0.1459915417982087,0.32972833489364456,0.7103250465218138,-0.08670921308649018,0.20318222701109584,0.04805179249408706,43.779717135246415
69817,Jack Gonzalez,PLAYS,0,19.524388909116755,0.6908729294076372,50,-0.20594040010837808,0.021918401521247438,0.11856319637864157,0.03198226015790733,0.042249092537445465,-0.012611998875888597,1.2846437335904906,0.18091696003829205,0.5278430446506914,0.12188036904308441,0.21387628772383338,0.3407990376054981,0.687327013072164,0.001178702317273267,0.45849714664911445,0.08838803730803446,38.95839047770353
12093,Vincent Thompson,DROPPED,1,27.38963598047185,0.4776698541097735,63,0.39377792328608885,-0.04005014575814045,0.14680931975901076,-0.1578993513960793,0.03873574252602637,-0.09501786451228912,1.7482038624937817,0.07069950071871355,0.53766876913685,0.1277834996246407,0.1407219036054369,0.0876136652324563,0.753515260796617,0.054166454293344546,0.33538033861138006,0.07539218869565292,28.756463144382003
106319,Walter Young,PLAYS,0,39.705166344422345,0.5871351901285435,54,0.025103338534324213,-0.003963952895935371,0.22874056452728075,0.0028158795581372034,-0.043081312560875315,0.09945001578457521,1.3499405682666208,0.10070123778500294,0.4750808021484271,0.13066695505984946,0.1899877526003197,0.09816734322895107,0.6912656334425419,-0.07575968114959876,0.20120758365619124,0.13267835209756831,20.994627610240926
32940,David Simpson,DROPPED,1,21.114565623179864,0.7165284706321068,40,0.16226268846662256,0.020174687266962876,-0.0894444405300984,0.05410456214456905,0.054529174263693525,-0.0835676921424613,1.4344563722684818,0.23379586510007971,0.6398436843452966,0.13580512070484677,0.2118674762792072,0.253021009603966,0.9494806928612205,0.030141858975082203,0.32049355316361255,-0.030523077252896533,39.330483307879675
185112,Chris Lee,DROPPED,0,27.89755619199249,0.6440569381305277,93,-0.3040356986346303,-0.0900068186533668,-0.18667389878907312,-0.052554957010607875,-0.09425008369193874,0.1019676736089583,0.7515106561018654,0.18398852267275329,0.5255465937702224,0.13398307727894368,0.202778436336358,0.2124303429829535,0.6647566970696066,-0.07272636525060018,0.2560402523135107,-0.08808397732554576,19.715474148251204
178394,Ben Brown,STAYED,0,25.450148953988997,0.3105819069910191,38,0.6543600987106308,-0.017002637305070307,0.014882907815747262,-0.004839020059027768,-0.06449087226850671,0.02762763010141352,-0.24524947462357827,0.05268880879668325,0.6080131006420678,0.15927236627464553,0.10921346743162286,0.05553977146797079,0.7823430798107229,-0.04996289384050581,0.3873201462416489,0.015273791984365737,21.313866514260102
138714,Alex Anderson,STAYED,1,38.00685059115355,0.46835283444876674,89,0.457158893115303,0.051014390322627716,0.3702292611748279,-0.118987212196894,0.09457976416037114,-0.007522473118730118,0.5268676514703768,0.09092509451180397,0.5297515462932885,0.19806844762550846,0.1494441851954962,0.06859251079685581,0.7856280567171152,-0.017544391046740493,0.40380763697649397,-0.11677706394264431,25.980401755204532
101544,Harrison Garcia,BENCH,0,37.256142266054454,0.37223784829730266,57,0.03979443448740108,-0.08219492830762741,0.4033261150131068,0.05924943336577924,-0.0715663230879826,0.09663766952399727,0.6447413528765729,0.18656745320577983,0.5440463299361584,0.16570476747017043,0.12868356952142962,0.31642411467764153,0.7401895785745026,0.008757029623970097,0.3462582711215,-0.06334466300051057,41.4104458755597
94437,George Jackson,DROPPED,1,23.991673966430806,0.41648610603901953,87,-0.02140875705899789,0.11252653212753919,0.3746765703348831,0.17668330986597797,0.08382116054922573,0.017765405127432313,0.5017685078985907,0.20287984051251484,0.3661643688568986,0.21639608631248322,0.13598021731921017,0.3106612386618159,0.8214054697120836,-0.015190238512454823,0.212155857631901,-0.08763358342105665,18.95360005902331
102969,Stefan Smith,STAYED,1,20.704943528059054,0.7527447387456628,15,0.40888130842590786,0.12156906100798744,0.07105279483589656,-0.08165726437245562,-0.10694637746560581,-0.08063618116708464,0.8328169192247757,0.2179719145348084,0.3713914792055276,0.20789027589229223,0.13051295567440518,0.15718127659881354,0.6949931072454634,-0.0020413440636212477,0.39683864131016056,-0.03103088496087572,18.667025785635783
117001,Nicholas Jackson,DROPPED,1,32.169906275283466,0.31844664445538406,39,0.6947411350506782,-0.07961204607680684,-0.16731726229772428,-0.024720611986285945,0.20648258837917363,0.38616475875619743,1.0648518559357703,0.10843536067640898,0.5631938598304117,0.11897903710736135,0.1956902894245006,0.3173151850791604,0.8851737141761701,-0.060423373113512216,0.45261163508165636,-0.11663502749933538,29.81924964915798
97725,Trevor Sanchez,BENCH,0,26.063742949557906,0.40990035598096186,49,0.3861280767434061,0.12860957064401116,-0.2514558652477761,0.11030554957450181,-0.047426992240405474,-0.008460061963497342,1.3118091129460985,0.23620571925551254,0.36868251566795984,0.1073262434981116,0.14329946771714264,0.22810252231937056,0.7497343154742915,-0.10231047179321082,0.41609728319792044,-0.14044747663557064,23.29231623281024
125784,Stefan Lopez,DROPPED,0,33.113772202727326,0.4547846761191157,92,0.7515408002189805,0.00851347290302925,0.007894275767588332,0.1954508863187283,0.007633342819655584,-0.21611308961824177,0.6331280813801996,0.1605893787155785,0.47510802832061266,0.23169123459994093,0.15331720651425634,0.29177169410567055,0.8274027769395925,-0.13579500680194817,0.4489873756865956,0.04703820138900955,32.0618382494448
120675,Victor Gonzalez,BENCH,0,19.674514877424105,0.6084420359831975,73,-0.17670539871857535,0.05348116473256438,0.07028895547759598,-0.12918277746507173,0.06306132610904058,-0.051051842766566616,-0.34225564338675607,0.1893078044775786,0.3497409243626808,0.11197465998443101,0.21754262998659046,0.1782293213480643,0.8646917708200877,-0.09120638325249969,0.26015285706526625,0.03307469348694145,28.549100540496703
104266,Brian Wilson,BENCH,1,21.801383938727277,0.5670508450429328,24,-0.1458160491496372,-0.019732084170259737,0.2950938101583938,0.029745831510086085,-0.02653499525010944,-0.10207320260472762,0.5102733684253191,0.1693477725559816,0.5767933523236277,0.12225087710795697,0.0883970981068123,0.08401949820347263,0.9167126353070483,0.0245830924517349,0.46666638189694476,0.06250768081159835,28.048773190536505
19236,Victor Robinson,BENCH,1,33.41381688822551,0.40913474142669304,41,-0.2566823354160046,0.09384358617814095,0.23017081893136684,0.08397569867834301,0.04434059610713044,0.14913747392486187,0.8262262381951904,0.0745480109349241,0.294200540491076,0.10331999133371772,0.14831406957070484,0.18011811879380485,0.90073623093566,0.08583463434093971,0.2966580351943888,0.04811593208140319,18.359189114609798
82597,Stefan Martin,STAYED,1,23.459783761352455,0.3821205336115772,89,0.2325281948948438,0.05248752150789336,0.1341107618487431,0.037753233124538245,0.08753567245201258,0.08859831915099031,1.533684753280045,0.24262293187697598,0.5817786559046658,0.19425045479479808,0.18836863897245626,0.18718993939906936,0.8324927084310678,-0.09922572076713164,0.20402144427559732,-0.11571159565728495,19.231490707495205
144974,Stefan Clark,PLAYS,0,37.009341191010435,0.4183990172980594,60,0.15268106494131106,-0.04513226052780828,-0.033476715641171245,-0.24721504802525046,0.12606132325034852,0.0978455362148413,0.4593152946895368,0.07457511597883054,0.4910919202030407,0.18735558447375228,0.10116267414635172,0.2152832581521809,0.7665179541151661,-0.11743339266820546,0.4530174938987212,-0.0626763355873061,39.6323573234055
109656,Michael Morgan,PLAYS,1,20.230408641912845,0.5512648133508278,32,0.05441466295840425,-0.07321615999722308,-0.04411693373673353,0.11013080111705263,0.10914974359729572,0.005597304099530687,1.1075261770396412,0.10097639128223673,0.3247638139308309,0.24803554996528834,0.16561442324606834,0.08167481387132841,0.8009614010224891,0.07478710816477507,0.482546380689418,-0.11114201702989429,41.57648212715233
44364,Patrick Wright,STAYED,0,23.52512163849707,0.4355888928556017,20,0.3427775884369896,-0.0968241948167378,0.13811915306071532,0.2323203621308773,0.012818953619732596,0.01647797035316942,0.9740527397812595,0.21272557604459602,0.4668141542024473,0.2330398594475758,0.11352506913482535,0.3474205589148834,0.8806204380136408,-0.05845250083881309,0.39666745922520463,0.10289172061456894,22.040505986557505
117071,Nicholas Rogers,DROPPED,0,39.96976521818644,0.7738012508038611,20,0.46969858156439925,0.03503534211462052,0.204557646825959,0.06399941014034041,0.01533682259563977,0.005488267567079819,0.8263403198740331,0.1737193923002203,0.3629995347389362,0.16162647662213647,0.20143657585143948,0.12324104624207191,0.9132636627678419,0.13544983176820571,0.2694309891390274,0.07407109660665698,18.403815045743073
104410,Stefan Peterson,STAYED,0,28.094598154322647,0.5319326107144238,76,-0.35769872278605264,0.06579771294237886,0.1587821893368377,-0.07373272639531159,0.2649108558025033,0.040256817903743636,1.358319991594755,0.2176298330752714,0.3793869338921987,0.15573787613688025,0.1257939531560111,0.10956572106112787,0.6811345784530016,0.06429539118311192,0.27552333928475914,-0.08954189912452726,16.60250015803532
161168,Alex Tucker,DROPPED,0,33.76227893443752,0.3293980082723185,41,-0.07909160837033463,0.07207725430235531,-0.05518969394099821,-0.011575269563713964,0.12498890682492922,0.15024001224378025,0.4034952819484516,0.15314723767480898,0.39061121663875215,0.14452780514199776,0.12606879436612733,0.20804087565678098,0.765456878747916,-0.051973185827090734,0.33997786203068586,-0.047607227853031966,33.2489284122569
153092,Oscar Allen,BENCH,0,22.835924025997286,0.6646332029183166,96,0.34604307823691793,0.010561512431409773,0.19760014431881293,0.26238956811867115,-0.06218236563202137,0.09032904950064158,0.45488813021389024,0.12539864707332699,0.2753276987889284,0.12286103800568221,0.1637471429925051,0.2111624538184666,0.8828349795240501,-0.06313717566188852,0.46934932388042583,0.13998449767926427,36.46059637500616
68473,Henry King,STAYED,0,31.807243434696293,0.4644226441044948,28,-0.0403216051575746,-0.07255971645314911,0.16388664506521172,0.15919550490326703,0.03999881637655518,0.11001353955450399,0.7928595061434632,0.234369099909557,0.644384673760567,0.12071254849030136,0.10569880713678723,0.1819462213499733,0.7794955287781883,0.0071095158813927195,0.2448792968442675,0.028247807363895427,26.184299676096167
54153,Robert Reed,PLAYS,0,34.24822743575779,0.6267444660291237,73,-0.13946182290744621,-0.03456598384190264,-0.060599960928526736,0.12680319420611952,-0.003514313877819253,0.10994706898990433,0.41591209694378023,0.057250463502958975,0.26261385125248965,0.11984255620144083,0.11988440944642856,0.2815676438975763,0.7496683292198851,-0.12625659951653717,0.44779210087504606,0.09034667919034717,35.390276024719185
182349,Daniel Allen,DROPPED,0,25.604009353196723,0.439797185261616,9,0.4055612282951184,0.11218789111695407,-0.017648145545038352,0.09276951002412512,0.016466576607689028,0.15613309248580853,1.1048073746327598,0.2212260440706092,0.5149987492737114,0.11711721357801679,0.13832845901671761,0.20499632021858083,0.7733968090469809,-0.1146970462064103,0.2873908426115451,-0.07062268956938125,36.38876446678579
48502,Harrison Jones,STAYED,1,36.40683935149343,0.58537187086666,71,-0.286850020917194,-0.018770285168006506,0.20327439618423498,-0.029336453462916676,-0.0929495157708088,0.08457800498483056,0.3720846173803204,0.09616355703755633,0.3984910591029722,0.13607680636083053,0.12950930083961545,0.23290863654349525,0.8308534240359052,-0.09724263560514224,0.44257585082872936,-0.08698412394620843,43.060268441907155
25675,Robert Murray,STAYED,0,31.67176914791795,0.6860762524037323,67,0.009526057662668508,0.03147341045451809,0.06482386972811637,0.025931458321307777,-0.011192323438595317,0.09306176872147026,0.9357825246470807,0.21974726555079355,0.5084041163786797,0.14600029454696747,0.15348281052078155,0.2671239156223357,0.9499415432401404,0.08241707799136805,0.4760813592804616,0.08517507865396451,16.946209135053216
165437,Jack Torres,DROPPED,0,27.171583201915634,0.764004370887277,48,0.19859320774144257,-0.066052038685991,0.3383720952454686,0.0406492717185781,0.21115557731939133,0.1926567489431788,0.7398963387279461,0.07783932268337712,0.3924993012350335,0.2442368456558374,0.16394962016965528,0.05750753046915999,0.7978977287313596,0.004157207780736749,0.32824816159829606,0.055761736569432035,20.768751696932394
128384,Harrison Thompson,BENCH,1,30.710490260206328,0.4305635722165385,20,-0.07214597417303562,0.0469266436367228,0.17516939140968646,0.11594891792773328,0.0879076300875503,-0.029805510160373444,0.9289555788660234,0.1660437927381081,0.5195002585035435,0.18677098765028288,0.15933344352502304,0.22119325476351342,0.7125483424862782,-0.1468298631676671,0.30951519623165924,0.054293378763529104,17.055779627909644
88229,Oliver Jones,BENCH,1,31.11197779615441,0.46742847549949057,15,0.33494669680395245,-0.016614764934326228,0.027005321771609636,0.2310702673120284,-0.21911614081514602,-0.052689109594180855,0.5241551629621766,0.2276215838022944,0.5416942037873443,0.24813936617699214,0.1715835636788705,0.3152583413685108,0.6988539725837284,0.0520549582416327,0.44066639569139054,0.015790374548758174,41.039818000083315
99049,Isaac White,BENCH,1,22.476241146571187,0.5321332101429699,27,-0.07066309255921069,0.1037370171020611,0.0984691599413601,0.18420057641517534,0.1516723492497947,-0.0923105919024227,0.5965470232839039,0.1447079293797781,0.5262210561598579,0.15587004217385098,0.12308493232509485,0.05521662287763018,0.6627049242429243,-0.022892946401850883,0.3588448647138182,0.01907350283296466,38.77761480100706
193220,Quinn Young,BENCH,1,27.45737976720629,0.7635874188679944,10,0.5225858480337758,0.08188461649654508,0.10950750889565773,-0.12032612269552485,0.13896295229091613,0.07194974763443071,0.85760556079823,0.19931333476067858,0.2955847925432609,0.16864399488841614,0.09769967180170393,0.17155463114028832,0.8176451704754965,0.003255709489139391,0.40533471453895914,0.07070925159187613,32.23926211865517
99157,George Taylor,DROPPED,0,26.212042348409355,0.7506934284053286,76,0.06227611075126822,-0.019656475725991978,-0.009258546986256486,0.07687939626812584,-0.005928530430641656,-0.17244786894629477,0.9212447036967877,0.2109343235711117,0.5127572938618739,0.1486867988747919,0.18651305580035082,0.32786823506174895,0.8133716274466503,-0.08576512697611934,0.38684877108835386,-0.06899925566364142,17.509902301535494
115711,Brian Phillips,PLAYS,1,27.418957174161648,0.344939140050319,34,0.30138104101160607,0.00986687781218693,-0.03688822972664399,0.13841160142014763,0.10172635437832152,0.10545849152716127,0.7974788507653063,0.19729884174335582,0.36199501978163895,0.1274331476344829,0.1991092535682955,0.15594632068476133,0.7115701780340927,0.015534668518231098,0.2458666536934389,-0.04416946024291327,23.19937075961159
120090,Victor Anderson,STAYED,1,34.98332235819042,0.3659649128769054,19,0.3238071858948449,-0.024089299203250304,0.2052084840714249,0.12426323961735625,-0.05593992108172008,0.036896828659933684,1.8232174139078503,0.23506594737491965,0.2615205482277334,0.12147470616663689,0.11598087251114052,0.18761864726007227,0.8585988219357701,0.14374597192544655,0.4534371080868685,0.11149103115601652,23.93159544175551
103321,Liam Anderson,STAYED,1,29.133306556800125,0.5477545886653191,81,-0.0882620008232218,-0.09355465572360078,0.22679099455631435,-0.02550805160649032,-0.01702557162663574,0.18615676397852682,0.20555784875522953,0.13936684610398575,0.4159322687555816,0.2417618796711748,0.13699287386212278,0.3444624179132938,0.8723321124889042,-0.12796659269827157,0.25873253342394087,-0.05734043969635268,31.822295880462512
36465,Yannick Stevens,BENCH,1,38.746639218024555,0.35330963640271174,81,-0.5160459645967665,-0.04859539436377733,0.1905672204329438,0.39969310589220336,0.17985463606698537,-0.03063007725579886,0.7614777230283719,0.08462508783303116,0.42341724112152046,0.24802160226981337,0.14979969037489776,0.10979715768517215,0.7277294616146334,-0.0648247801006708,0.4796846432212342,0.013892871413789698,22.741316821101464
42286,Ulrich Porter,DROPPED,0,25.16720468052716,0.4727904366743487,50,0.20822672639915046,0.03585738621766561,0.32729771414857023,-0.10325014747973425,0.0028269960130291594,0.025601805749899193,-0.14417741327019074,0.05956221274049596,0.4368696533409786,0.10673642447630974,0.1546657579854111,0.06957655673750178,0.753229929208921,-0.07710072214175107,0.2751713874266444,0.06079183920200523,17.188795917388646
64795,Michael Johnson,PLAYS,1,27.72977514398351,0.3741926891087388,65,0.12168650413746085,0.04602075985836655,0.018734014598259727,-0.07998261359992599,-0.15697316619549911,0.18466439999520423,1.0232488872004317,0.09929197392750103,0.5319296661562865,0.12255188120976498,0.17232862395227128,0.3078267772583913,0.9471415017041769,-0.07543520677464612,0.4201642919821226,0.14997744804995297,36.92286905559898
181250,Adam Freeman,PLAYS,1,35.526093020059875,0.6180201775659429,42,0.2667478082725382,0.03188383228741111,0.3511406149106695,0.07803140975138916,0.023669677721866324,0.2159762776133783,0.13085207817391165,0.07863950077604842,0.37353752365698367,0.16352861384515338,0.08582445266974499,0.31053960236371053,0.7622793403552203,-0.03638809273038682,0.2853966180480776,-0.019412600551400427,23.97240634966234
118139,Gregory Lee,STAYED,1,30.466516459735757,0.7747477158695808,86,0.03204175828514859,-0.004138644316690861,-0.0351381677831229,0.3040163665956624,0.02214116070856432,-0.031618283890218396,0.6330138464740542,0.1615897482868961,0.3761122052415691,0.1279500214516611,0.1810067915827624,0.19162335040400397,0.8782405015268305,0.09543293542325024,0.29533562257605916,-0.021572137012516868,28.57122531069902
113845,David Cooper,BENCH,1,30.487591074913404,0.7983668851471908,17,-0.029128309640214733,0.09464532845767883,-0.051902834505273915,-0.050343382084500496,0.14983685693734597,0.07181374791045922,0.5767614048012045,0.08698906744234641,0.2742209024965042,0.1545820590440325,0.08867594097711744,0.2042621523431859,0.785817627988982,0.12385760698931622,0.2930005558346916,0.10277651383010025,18.82999904946916
59986,Samuel Johnson,STAYED,0,20.120143423108853,0.4876205662484574,8,0.7025419032945098,0.02508335236487499,-0.16399383232238754,0.01810059612236093,0.031433642217576004,0.08533027732208578,0.968534675960703,0.05778674145787424,0.5247284863969184,0.119364452478945,0.14556039947420152,0.3007419108853508,0.8880034483582928,-0.089335473762308,0.424367676207825,0.09165093337795899,39.07644910183738
184273,Zachary Wright,STAYED,1,27.37059291708757,0.5995063185573062,96,-0.34170621845323335,0.07626030624767578,0.03313070292597746,0.17927524076188311,-0.01215823114402928,0.0948384086745378,0.468325449472892,0.057197965773733574,0.47713043655983356,0.16847676350826854,0.19587395897968718,0.27156784943473855,0.8807069716347944,0.012884981384433836,0.36704453539081794,0.06932276452036457,31.96595630772173
184387,Nathan Anderson,PLAYS,1,24.68540838085638,0.7281338267620406,65,0.3201851435092715,-0.1219020105762015,0.02444164947558196,0.04785654141347198,0.1345056145231206,0.018490920882125346,0.44281658138361063,0.21631389967297232,0.3897700450775152,0.1407541924253889,0.14317014385897547,0.1295447006651032,0.8503268075595607,0.04106969164964408,0.46488573675424916,-0.011031108777291326,42.047568786295884
85396,Thomas Wright,DROPPED,1,39.98603757945342,0.358731036398192,10,-0.07238055745501731,-0.29379202012946737,0.17889059203819757,0.009847537456364526,0.04207902325011103,0.20376600777483617,1.6615138784515389,0.16828998628860498,0.532075591566942,0.15278575836379912,0.10087256482755469,0.05506800652145554,0.9064335038886737,0.0065482423091534625,0.29221181576121347,-0.05281826395178525,29.86414689196
